{"level":"error","message":{"method":"GET","responseTime":"80.749","status":"500","url":"/admin/folders"},"timestamp":"15-02-2025 01:21:56 AM"}
{"level":"error","message":{"method":"GET","responseTime":"7.742","status":"500","url":"/admin/folders"},"timestamp":"15-02-2025 01:21:57 AM"}
{"level":"error","message":{"method":"GET","responseTime":"141.577","status":"500","url":"/admin/folders"},"timestamp":"15-02-2025 01:28:22 AM"}
{"level":"error","message":{"method":"GET","responseTime":"142.651","status":"500","url":"/admin/folders"},"timestamp":"15-02-2025 12:02:00 PM"}
{"level":"info","message":{"method":"GET","responseTime":"1103.433","status":"200","url":"/drive/folders"},"timestamp":"15-02-2025 12:20:19 PM"}
{"level":"info","message":{"method":"POST","responseTime":"3277.462","status":"200","url":"/drive/provide-access"},"timestamp":"15-02-2025 12:21:06 PM"}
{"level":"info","message":{"method":"POST","responseTime":"2742.209","status":"200","url":"/drive/provide-access"},"timestamp":"15-02-2025 12:21:22 PM"}
{"level":"info","message":{"method":"GET","responseTime":"1202.037","status":"304","url":"/drive/folders"},"timestamp":"15-02-2025 12:34:00 PM"}
{"level":"info","message":{"method":"GET","responseTime":"1209.215","status":"304","url":"/drive/folders"},"timestamp":"15-02-2025 12:53:34 PM"}
{"level":"info","message":{"method":"GET","responseTime":"655.917","status":"200","url":"/drive/folder-members?folderId=1v_mPF_o4XDI_zetUwckXpIIwHxmDGsH4"},"timestamp":"15-02-2025 12:53:40 PM"}
{"level":"info","message":{"method":"GET","responseTime":"997.831","status":"304","url":"/drive/folders"},"timestamp":"15-02-2025 12:58:45 PM"}
{"level":"info","message":{"method":"GET","responseTime":"475.294","status":"304","url":"/drive/folder-members?folderId=1v_mPF_o4XDI_zetUwckXpIIwHxmDGsH4"},"timestamp":"15-02-2025 12:58:48 PM"}
{"level":"info","message":{"method":"GET","responseTime":"1435.543","status":"200","url":"/drive/folder-members?folderId=1-AbHAmRy_YxrLFIoUr6gyHvQ07B46vH7"},"timestamp":"15-02-2025 01:03:25 PM"}
{"level":"info","message":{"method":"GET","responseTime":"509.268","status":"304","url":"/drive/folder-members?folderId=1v_mPF_o4XDI_zetUwckXpIIwHxmDGsH4"},"timestamp":"15-02-2025 01:03:28 PM"}
{"level":"info","message":{"method":"GET","responseTime":"1016.394","status":"304","url":"/drive/folders"},"timestamp":"15-02-2025 01:08:29 PM"}
{"level":"info","message":{"method":"GET","responseTime":"975.735","status":"304","url":"/drive/folders"},"timestamp":"15-02-2025 01:08:42 PM"}
{"level":"info","message":{"method":"GET","responseTime":"1008.180","status":"304","url":"/drive/folders"},"timestamp":"15-02-2025 01:09:10 PM"}
{"level":"info","message":{"method":"GET","responseTime":"834.599","status":"304","url":"/drive/folders"},"timestamp":"15-02-2025 01:09:16 PM"}
{"level":"info","message":{"method":"GET","responseTime":"610.208","status":"304","url":"/drive/folder-members?folderId=1-AbHAmRy_YxrLFIoUr6gyHvQ07B46vH7"},"timestamp":"15-02-2025 01:10:56 PM"}
{"level":"info","message":{"method":"GET","responseTime":"919.068","status":"304","url":"/drive/folders"},"timestamp":"15-02-2025 01:14:58 PM"}
{"level":"info","message":{"method":"GET","responseTime":"846.636","status":"304","url":"/drive/folders"},"timestamp":"15-02-2025 01:15:07 PM"}
{"level":"info","message":{"method":"GET","responseTime":"583.868","status":"304","url":"/drive/folder-members?folderId=1v_mPF_o4XDI_zetUwckXpIIwHxmDGsH4"},"timestamp":"15-02-2025 01:15:11 PM"}
{"level":"info","message":{"method":"POST","responseTime":"2397.681","status":"200","url":"/drive/remove-access"},"timestamp":"15-02-2025 01:15:36 PM"}
{"level":"info","message":{"method":"GET","responseTime":"650.018","status":"200","url":"/drive/folder-members?folderId=1v_mPF_o4XDI_zetUwckXpIIwHxmDGsH4"},"timestamp":"15-02-2025 01:15:42 PM"}
{"level":"info","message":{"method":"GET","responseTime":"2034.190","status":"304","url":"/drive/folders"},"timestamp":"15-02-2025 02:37:34 PM"}
{"level":"info","message":{"method":"GET","responseTime":"713.187","status":"304","url":"/drive/folder-members?folderId=1v_mPF_o4XDI_zetUwckXpIIwHxmDGsH4"},"timestamp":"15-02-2025 02:37:44 PM"}
{"level":"info","message":{"method":"GET","responseTime":"955.615","status":"304","url":"/drive/folders"},"timestamp":"15-02-2025 02:40:09 PM"}
{"level":"info","message":{"method":"GET","responseTime":"920.072","status":"304","url":"/drive/folders"},"timestamp":"15-02-2025 02:42:22 PM"}
{"level":"info","message":{"method":"GET","responseTime":"737.073","status":"304","url":"/drive/folders"},"timestamp":"15-02-2025 02:42:23 PM"}
{"level":"info","message":{"method":"GET","responseTime":"531.057","status":"304","url":"/drive/folder-members?folderId=1v_mPF_o4XDI_zetUwckXpIIwHxmDGsH4"},"timestamp":"15-02-2025 02:42:27 PM"}
{"level":"info","message":{"method":"GET","responseTime":"862.345","status":"304","url":"/drive/folders"},"timestamp":"15-02-2025 02:42:34 PM"}
{"level":"info","message":{"method":"GET","responseTime":"806.673","status":"304","url":"/drive/folders"},"timestamp":"15-02-2025 02:42:36 PM"}
{"level":"info","message":{"method":"GET","responseTime":"750.056","status":"304","url":"/drive/folders"},"timestamp":"15-02-2025 02:42:40 PM"}
{"level":"info","message":{"method":"GET","responseTime":"743.759","status":"304","url":"/drive/folders"},"timestamp":"15-02-2025 02:42:42 PM"}
{"level":"info","message":{"method":"GET","responseTime":"512.683","status":"304","url":"/drive/folder-members?folderId=1-AbHAmRy_YxrLFIoUr6gyHvQ07B46vH7"},"timestamp":"15-02-2025 02:42:46 PM"}
{"level":"info","message":{"method":"GET","responseTime":"700.786","status":"304","url":"/drive/folder-members?folderId=1v_mPF_o4XDI_zetUwckXpIIwHxmDGsH4"},"timestamp":"15-02-2025 02:42:54 PM"}
{"level":"info","message":{"method":"POST","responseTime":"2039.659","status":"200","url":"/drive/remove-access"},"timestamp":"15-02-2025 02:43:19 PM"}
{"level":"info","message":{"method":"GET","responseTime":"491.010","status":"200","url":"/drive/folder-members?folderId=1v_mPF_o4XDI_zetUwckXpIIwHxmDGsH4"},"timestamp":"15-02-2025 02:43:21 PM"}
{"level":"info","message":{"method":"GET","responseTime":"1051.033","status":"304","url":"/drive/folders"},"timestamp":"15-02-2025 02:50:09 PM"}
{"level":"info","message":{"method":"GET","responseTime":"771.571","status":"304","url":"/drive/folders"},"timestamp":"15-02-2025 02:50:10 PM"}
{"level":"info","message":{"method":"GET","responseTime":"898.406","status":"304","url":"/drive/folders"},"timestamp":"15-02-2025 02:50:16 PM"}
{"level":"info","message":{"method":"GET","responseTime":"718.451","status":"304","url":"/drive/folders"},"timestamp":"15-02-2025 02:50:17 PM"}
{"level":"info","message":{"method":"GET","responseTime":"755.420","status":"304","url":"/drive/folders"},"timestamp":"15-02-2025 02:50:21 PM"}
{"level":"info","message":{"method":"GET","responseTime":"937.856","status":"304","url":"/drive/folders"},"timestamp":"15-02-2025 02:50:34 PM"}
{"level":"info","message":{"method":"GET","responseTime":"843.985","status":"304","url":"/drive/folders"},"timestamp":"15-02-2025 02:50:41 PM"}
{"level":"info","message":{"method":"GET","responseTime":"607.369","status":"304","url":"/drive/folder-members?folderId=1-AbHAmRy_YxrLFIoUr6gyHvQ07B46vH7"},"timestamp":"15-02-2025 02:51:18 PM"}
{"level":"info","message":{"method":"GET","responseTime":"661.929","status":"200","url":"/drive/folder-members?folderId=128TPUmKSO7NSoDhxhWMUxnQRCJEGrSon"},"timestamp":"15-02-2025 02:51:33 PM"}
{"level":"info","message":{"method":"GET","responseTime":"493.669","status":"304","url":"/drive/folder-members?folderId=1v_mPF_o4XDI_zetUwckXpIIwHxmDGsH4"},"timestamp":"15-02-2025 02:51:38 PM"}
{"level":"info","message":{"method":"POST","responseTime":"4074.653","status":"200","url":"/drive/provide-access"},"timestamp":"15-02-2025 02:52:18 PM"}
{"level":"info","message":{"method":"GET","responseTime":"534.707","status":"200","url":"/drive/folder-members?folderId=1v_mPF_o4XDI_zetUwckXpIIwHxmDGsH4"},"timestamp":"15-02-2025 02:52:20 PM"}
{"level":"info","message":{"method":"GET","responseTime":"754.082","status":"304","url":"/drive/folders"},"timestamp":"15-02-2025 02:52:25 PM"}
{"level":"info","message":{"method":"GET","responseTime":"507.870","status":"304","url":"/drive/folder-members?folderId=1v_mPF_o4XDI_zetUwckXpIIwHxmDGsH4"},"timestamp":"15-02-2025 02:52:27 PM"}
{"level":"info","message":{"method":"GET","responseTime":"708.513","status":"304","url":"/drive/folder-members?folderId=1-AbHAmRy_YxrLFIoUr6gyHvQ07B46vH7"},"timestamp":"15-02-2025 02:52:34 PM"}
{"level":"info","message":{"method":"GET","responseTime":"530.224","status":"304","url":"/drive/folder-members?folderId=1v_mPF_o4XDI_zetUwckXpIIwHxmDGsH4"},"timestamp":"15-02-2025 02:52:36 PM"}
{"level":"info","message":{"method":"POST","responseTime":"2224.817","status":"200","url":"/drive/remove-access"},"timestamp":"15-02-2025 02:52:54 PM"}
{"level":"info","message":{"method":"GET","responseTime":"501.995","status":"200","url":"/drive/folder-members?folderId=1v_mPF_o4XDI_zetUwckXpIIwHxmDGsH4"},"timestamp":"15-02-2025 02:52:56 PM"}
{"level":"info","message":{"method":"GET","responseTime":"724.069","status":"304","url":"/drive/folders"},"timestamp":"15-02-2025 02:53:01 PM"}
{"level":"info","message":{"method":"GET","responseTime":"582.493","status":"304","url":"/drive/folder-members?folderId=1-AbHAmRy_YxrLFIoUr6gyHvQ07B46vH7"},"timestamp":"15-02-2025 02:53:07 PM"}
{"level":"info","message":{"method":"GET","responseTime":"912.060","status":"304","url":"/drive/folders"},"timestamp":"15-02-2025 02:55:26 PM"}
{"level":"info","message":{"method":"GET","responseTime":"650.651","status":"304","url":"/drive/folders"},"timestamp":"15-02-2025 02:55:28 PM"}
{"level":"info","message":{"method":"GET","responseTime":"700.251","status":"304","url":"/drive/folders"},"timestamp":"15-02-2025 02:55:33 PM"}
{"level":"info","message":{"method":"GET","responseTime":"717.920","status":"304","url":"/drive/folders"},"timestamp":"15-02-2025 02:55:34 PM"}
{"level":"info","message":{"method":"GET","responseTime":"929.935","status":"304","url":"/drive/folders"},"timestamp":"15-02-2025 02:55:42 PM"}
{"level":"info","message":{"method":"GET","responseTime":"-","status":"-","url":"/drive/folders"},"timestamp":"15-02-2025 02:56:31 PM"}
{"level":"info","message":{"method":"GET","responseTime":"722.148","status":"200","url":"/drive/folders"},"timestamp":"15-02-2025 02:56:33 PM"}
{"level":"info","message":{"method":"GET","responseTime":"943.083","status":"304","url":"/drive/folders"},"timestamp":"15-02-2025 02:56:40 PM"}
{"level":"info","message":{"method":"GET","responseTime":"718.040","status":"304","url":"/drive/folders"},"timestamp":"15-02-2025 02:56:44 PM"}
{"level":"info","message":{"method":"GET","responseTime":"457.266","status":"304","url":"/drive/folder-members?folderId=1v_mPF_o4XDI_zetUwckXpIIwHxmDGsH4"},"timestamp":"15-02-2025 02:56:46 PM"}
{"level":"info","message":{"method":"GET","responseTime":"894.892","status":"304","url":"/drive/folders"},"timestamp":"15-02-2025 02:58:01 PM"}
{"level":"info","message":{"method":"GET","responseTime":"806.222","status":"304","url":"/drive/folders"},"timestamp":"15-02-2025 02:58:04 PM"}
{"level":"info","message":{"method":"GET","responseTime":"762.082","status":"304","url":"/drive/folders"},"timestamp":"15-02-2025 02:58:08 PM"}
{"level":"info","message":{"method":"GET","responseTime":"875.538","status":"304","url":"/drive/folders"},"timestamp":"15-02-2025 02:58:17 PM"}
{"level":"info","message":{"method":"GET","responseTime":"971.162","status":"304","url":"/drive/folders"},"timestamp":"15-02-2025 02:58:24 PM"}
{"level":"info","message":{"method":"GET","responseTime":"896.498","status":"304","url":"/drive/folders"},"timestamp":"15-02-2025 02:58:36 PM"}
{"level":"info","message":{"method":"GET","responseTime":"868.736","status":"304","url":"/drive/folders"},"timestamp":"15-02-2025 02:58:57 PM"}
{"level":"info","message":{"method":"GET","responseTime":"917.946","status":"304","url":"/drive/folders"},"timestamp":"15-02-2025 02:59:16 PM"}
{"level":"info","message":{"method":"GET","responseTime":"876.582","status":"304","url":"/drive/folders"},"timestamp":"15-02-2025 02:59:24 PM"}
{"level":"info","message":{"method":"GET","responseTime":"736.931","status":"304","url":"/drive/folders"},"timestamp":"15-02-2025 02:59:26 PM"}
{"level":"info","message":{"method":"GET","responseTime":"849.986","status":"304","url":"/drive/folders"},"timestamp":"15-02-2025 02:59:36 PM"}
{"level":"info","message":{"method":"GET","responseTime":"811.911","status":"304","url":"/drive/folders"},"timestamp":"15-02-2025 02:59:42 PM"}
{"level":"info","message":{"method":"GET","responseTime":"508.727","status":"304","url":"/drive/folder-members?folderId=1v_mPF_o4XDI_zetUwckXpIIwHxmDGsH4"},"timestamp":"15-02-2025 02:59:45 PM"}
{"level":"info","message":{"method":"POST","responseTime":"2114.934","status":"200","url":"/drive/remove-access"},"timestamp":"15-02-2025 02:59:57 PM"}
{"level":"info","message":{"method":"GET","responseTime":"456.688","status":"200","url":"/drive/folder-members?folderId=1v_mPF_o4XDI_zetUwckXpIIwHxmDGsH4"},"timestamp":"15-02-2025 03:00:00 PM"}
{"level":"info","message":{"method":"GET","responseTime":"602.623","status":"304","url":"/drive/folder-members?folderId=1-AbHAmRy_YxrLFIoUr6gyHvQ07B46vH7"},"timestamp":"15-02-2025 03:00:19 PM"}
{"level":"info","message":{"method":"GET","responseTime":"433.233","status":"304","url":"/drive/folder-members?folderId=128TPUmKSO7NSoDhxhWMUxnQRCJEGrSon"},"timestamp":"15-02-2025 03:00:24 PM"}
{"level":"info","message":{"method":"GET","responseTime":"518.927","status":"304","url":"/drive/folder-members?folderId=1v_mPF_o4XDI_zetUwckXpIIwHxmDGsH4"},"timestamp":"15-02-2025 03:00:27 PM"}
{"level":"info","message":{"method":"GET","responseTime":"496.870","status":"304","url":"/drive/folder-members?folderId=1-AbHAmRy_YxrLFIoUr6gyHvQ07B46vH7"},"timestamp":"15-02-2025 03:00:29 PM"}
{"level":"info","message":{"method":"POST","responseTime":"954.442","status":"201","url":"/user/userLogin"},"timestamp":"15-02-2025 03:01:40 PM"}
{"level":"info","message":{"method":"GET","responseTime":"1040.499","status":"200","url":"/drive/folders"},"timestamp":"15-02-2025 03:03:03 PM"}
{"level":"info","message":{"method":"GET","responseTime":"670.611","status":"200","url":"/drive/folder-members?folderId=1v_mPF_o4XDI_zetUwckXpIIwHxmDGsH4"},"timestamp":"15-02-2025 03:03:11 PM"}
{"level":"info","message":{"method":"GET","responseTime":"434.360","status":"200","url":"/drive/folder-members?folderId=128TPUmKSO7NSoDhxhWMUxnQRCJEGrSon"},"timestamp":"15-02-2025 03:03:15 PM"}
{"level":"info","message":{"method":"GET","responseTime":"527.140","status":"304","url":"/drive/folder-members?folderId=1v_mPF_o4XDI_zetUwckXpIIwHxmDGsH4"},"timestamp":"15-02-2025 03:03:19 PM"}
{"level":"info","message":{"method":"POST","responseTime":"4063.910","status":"200","url":"/drive/provide-access"},"timestamp":"15-02-2025 03:04:03 PM"}
{"level":"info","message":{"method":"GET","responseTime":"501.876","status":"200","url":"/drive/folder-members?folderId=1v_mPF_o4XDI_zetUwckXpIIwHxmDGsH4"},"timestamp":"15-02-2025 03:04:06 PM"}
{"level":"info","message":{"method":"GET","responseTime":"872.125","status":"200","url":"/drive/folders"},"timestamp":"15-02-2025 03:04:12 PM"}
{"level":"info","message":{"method":"GET","responseTime":"485.165","status":"304","url":"/drive/folder-members?folderId=1v_mPF_o4XDI_zetUwckXpIIwHxmDGsH4"},"timestamp":"15-02-2025 03:04:16 PM"}
{"level":"info","message":{"method":"POST","responseTime":"1992.007","status":"200","url":"/drive/remove-access"},"timestamp":"15-02-2025 03:04:25 PM"}
{"level":"info","message":{"method":"GET","responseTime":"547.980","status":"200","url":"/drive/folder-members?folderId=1v_mPF_o4XDI_zetUwckXpIIwHxmDGsH4"},"timestamp":"15-02-2025 03:04:27 PM"}
{"level":"info","message":{"method":"POST","responseTime":"424.761","status":"201","url":"/user/userLogin"},"timestamp":"15-02-2025 03:05:09 PM"}
{"level":"info","message":{"method":"GET","responseTime":"897.445","status":"200","url":"/drive/folders"},"timestamp":"15-02-2025 03:05:26 PM"}
{"level":"info","message":{"method":"GET","responseTime":"917.056","status":"304","url":"/drive/folders"},"timestamp":"15-02-2025 03:09:37 PM"}
{"level":"info","message":{"method":"GET","responseTime":"953.561","status":"304","url":"/drive/folders"},"timestamp":"15-02-2025 03:09:44 PM"}
{"level":"info","message":{"method":"GET","responseTime":"435.682","status":"200","url":"/drive/folder-members?folderId=1v_mPF_o4XDI_zetUwckXpIIwHxmDGsH4"},"timestamp":"15-02-2025 03:09:47 PM"}
{"level":"info","message":{"method":"POST","responseTime":"2820.569","status":"200","url":"/drive/provide-access"},"timestamp":"15-02-2025 03:10:33 PM"}
{"level":"info","message":{"method":"GET","responseTime":"501.104","status":"200","url":"/drive/folder-members?folderId=1v_mPF_o4XDI_zetUwckXpIIwHxmDGsH4"},"timestamp":"15-02-2025 03:10:35 PM"}
{"level":"info","message":{"method":"GET","responseTime":"435.880","status":"304","url":"/drive/folder-members?folderId=1v_mPF_o4XDI_zetUwckXpIIwHxmDGsH4"},"timestamp":"15-02-2025 03:10:40 PM"}
{"level":"info","message":{"method":"GET","responseTime":"611.910","status":"200","url":"/drive/folder-members?folderId=1rFs6y5pmTkK9uFPHEvI2rU5WNniEer7I"},"timestamp":"15-02-2025 03:10:56 PM"}
{"level":"info","message":{"method":"GET","responseTime":"532.534","status":"304","url":"/drive/folder-members?folderId=1v_mPF_o4XDI_zetUwckXpIIwHxmDGsH4"},"timestamp":"15-02-2025 03:10:58 PM"}
{"level":"info","message":{"method":"POST","responseTime":"1859.698","status":"200","url":"/drive/remove-access"},"timestamp":"15-02-2025 03:11:05 PM"}
{"level":"info","message":{"method":"GET","responseTime":"425.008","status":"200","url":"/drive/folder-members?folderId=1v_mPF_o4XDI_zetUwckXpIIwHxmDGsH4"},"timestamp":"15-02-2025 03:11:07 PM"}
{"level":"info","message":{"method":"GET","responseTime":"473.281","status":"304","url":"/drive/folder-members?folderId=1v_mPF_o4XDI_zetUwckXpIIwHxmDGsH4"},"timestamp":"15-02-2025 03:11:12 PM"}
{"level":"info","message":{"method":"GET","responseTime":"717.244","status":"304","url":"/drive/folders"},"timestamp":"15-02-2025 03:11:16 PM"}
{"level":"info","message":{"method":"GET","responseTime":"569.519","status":"304","url":"/drive/folder-members?folderId=1v_mPF_o4XDI_zetUwckXpIIwHxmDGsH4"},"timestamp":"15-02-2025 03:11:52 PM"}
{"level":"info","message":{"method":"GET","responseTime":"95.544","status":"200","url":"/admin/adminViewUserList"},"timestamp":"15-02-2025 03:15:39 PM"}
{"level":"info","message":{"method":"GET","responseTime":"908.258","status":"304","url":"/drive/folders"},"timestamp":"15-02-2025 03:18:16 PM"}
{"level":"info","message":{"method":"GET","responseTime":"877.713","status":"304","url":"/drive/folders"},"timestamp":"15-02-2025 03:18:51 PM"}
{"level":"info","message":{"method":"GET","responseTime":"908.366","status":"304","url":"/drive/folders"},"timestamp":"15-02-2025 03:20:44 PM"}
{"level":"info","message":{"method":"GET","responseTime":"747.765","status":"304","url":"/drive/folders"},"timestamp":"15-02-2025 03:20:45 PM"}
{"level":"info","message":{"method":"GET","responseTime":"681.221","status":"304","url":"/drive/folders"},"timestamp":"15-02-2025 03:20:47 PM"}
{"level":"info","message":{"method":"GET","responseTime":"904.562","status":"304","url":"/drive/folders"},"timestamp":"15-02-2025 03:20:53 PM"}
{"level":"info","message":{"method":"GET","responseTime":"843.701","status":"304","url":"/drive/folders"},"timestamp":"15-02-2025 03:21:03 PM"}
{"level":"info","message":{"method":"GET","responseTime":"784.149","status":"304","url":"/drive/folders"},"timestamp":"15-02-2025 03:21:05 PM"}
{"level":"info","message":{"method":"GET","responseTime":"802.206","status":"304","url":"/drive/folders"},"timestamp":"15-02-2025 03:21:19 PM"}
{"level":"info","message":{"method":"GET","responseTime":"690.067","status":"304","url":"/drive/folders"},"timestamp":"15-02-2025 03:21:22 PM"}
{"level":"info","message":{"method":"GET","responseTime":"930.692","status":"304","url":"/drive/folders"},"timestamp":"15-02-2025 03:21:36 PM"}
{"level":"info","message":{"method":"GET","responseTime":"35.751","status":"304","url":"/admin/adminViewUserList"},"timestamp":"15-02-2025 03:21:44 PM"}
{"level":"info","message":{"method":"GET","responseTime":"898.922","status":"304","url":"/drive/folders"},"timestamp":"15-02-2025 03:21:45 PM"}
{"level":"info","message":{"method":"GET","responseTime":"41.719","status":"304","url":"/admin/adminViewUserList"},"timestamp":"15-02-2025 03:21:58 PM"}
{"level":"info","message":{"method":"GET","responseTime":"866.488","status":"304","url":"/drive/folders"},"timestamp":"15-02-2025 03:21:59 PM"}
{"level":"info","message":{"method":"GET","responseTime":"41.363","status":"304","url":"/admin/adminViewUserList"},"timestamp":"15-02-2025 03:22:00 PM"}
{"level":"info","message":{"method":"GET","responseTime":"805.205","status":"304","url":"/drive/folders"},"timestamp":"15-02-2025 03:22:01 PM"}
{"level":"info","message":{"method":"GET","responseTime":"43.763","status":"304","url":"/admin/adminViewUserList"},"timestamp":"15-02-2025 03:22:01 PM"}
{"level":"info","message":{"method":"GET","responseTime":"734.982","status":"304","url":"/drive/folders"},"timestamp":"15-02-2025 03:22:02 PM"}
{"level":"info","message":{"method":"GET","responseTime":"58.183","status":"304","url":"/admin/adminViewUserList"},"timestamp":"15-02-2025 03:24:03 PM"}
{"level":"info","message":{"method":"GET","responseTime":"921.382","status":"304","url":"/drive/folders"},"timestamp":"15-02-2025 03:24:04 PM"}
{"level":"info","message":{"method":"GET","responseTime":"31.317","status":"304","url":"/admin/adminViewUserList"},"timestamp":"15-02-2025 03:24:08 PM"}
{"level":"info","message":{"method":"GET","responseTime":"883.118","status":"304","url":"/drive/folders"},"timestamp":"15-02-2025 03:24:09 PM"}
{"level":"info","message":{"method":"GET","responseTime":"37.416","status":"304","url":"/admin/adminViewUserList"},"timestamp":"15-02-2025 03:24:15 PM"}
{"level":"info","message":{"method":"GET","responseTime":"907.093","status":"304","url":"/drive/folders"},"timestamp":"15-02-2025 03:24:16 PM"}
{"level":"info","message":{"method":"GET","responseTime":"46.904","status":"304","url":"/admin/adminViewUserList"},"timestamp":"15-02-2025 03:25:09 PM"}
{"level":"info","message":{"method":"GET","responseTime":"1002.492","status":"304","url":"/drive/folders"},"timestamp":"15-02-2025 03:25:10 PM"}
{"level":"info","message":{"method":"GET","responseTime":"65.316","status":"304","url":"/admin/adminViewUserList"},"timestamp":"15-02-2025 03:25:22 PM"}
{"level":"info","message":{"method":"GET","responseTime":"1117.932","status":"304","url":"/drive/folders"},"timestamp":"15-02-2025 03:25:23 PM"}
{"level":"info","message":{"method":"GET","responseTime":"35.667","status":"304","url":"/admin/adminViewUserList"},"timestamp":"15-02-2025 03:25:32 PM"}
{"level":"info","message":{"method":"GET","responseTime":"807.638","status":"304","url":"/drive/folders"},"timestamp":"15-02-2025 03:25:33 PM"}
{"level":"info","message":{"method":"GET","responseTime":"59.241","status":"304","url":"/admin/adminViewUserList"},"timestamp":"15-02-2025 03:25:44 PM"}
{"level":"info","message":{"method":"GET","responseTime":"1054.968","status":"304","url":"/drive/folders"},"timestamp":"15-02-2025 03:25:45 PM"}
{"level":"info","message":{"method":"GET","responseTime":"40.961","status":"304","url":"/admin/adminViewUserList"},"timestamp":"15-02-2025 03:26:21 PM"}
{"level":"info","message":{"method":"GET","responseTime":"915.943","status":"304","url":"/drive/folders"},"timestamp":"15-02-2025 03:26:22 PM"}
{"level":"info","message":{"method":"GET","responseTime":"33.699","status":"304","url":"/admin/adminViewUserList"},"timestamp":"15-02-2025 03:27:33 PM"}
{"level":"info","message":{"method":"GET","responseTime":"946.541","status":"304","url":"/drive/folders"},"timestamp":"15-02-2025 03:27:34 PM"}
{"level":"info","message":{"method":"GET","responseTime":"58.001","status":"304","url":"/admin/adminViewUserList"},"timestamp":"15-02-2025 03:27:39 PM"}
{"level":"info","message":{"method":"GET","responseTime":"872.852","status":"304","url":"/drive/folders"},"timestamp":"15-02-2025 03:27:40 PM"}
{"level":"info","message":{"method":"GET","responseTime":"43.420","status":"304","url":"/admin/adminViewUserList"},"timestamp":"15-02-2025 03:36:57 PM"}
{"level":"info","message":{"method":"GET","responseTime":"1214.234","status":"304","url":"/drive/folders"},"timestamp":"15-02-2025 03:36:58 PM"}
{"level":"info","message":{"method":"GET","responseTime":"31.652","status":"304","url":"/admin/adminViewUserList"},"timestamp":"15-02-2025 03:36:58 PM"}
{"level":"info","message":{"method":"GET","responseTime":"712.481","status":"304","url":"/drive/folders"},"timestamp":"15-02-2025 03:36:59 PM"}
{"level":"info","message":{"method":"GET","responseTime":"44.614","status":"304","url":"/admin/adminViewUserList"},"timestamp":"15-02-2025 03:37:03 PM"}
{"level":"info","message":{"method":"GET","responseTime":"932.161","status":"304","url":"/drive/folders"},"timestamp":"15-02-2025 03:37:04 PM"}
{"level":"info","message":{"method":"GET","responseTime":"665.737","status":"304","url":"/drive/folder-members?folderId=1v_mPF_o4XDI_zetUwckXpIIwHxmDGsH4"},"timestamp":"15-02-2025 03:37:08 PM"}
{"level":"info","message":{"method":"GET","responseTime":"40.905","status":"304","url":"/admin/adminViewUserList"},"timestamp":"15-02-2025 03:43:45 PM"}
{"level":"info","message":{"method":"GET","responseTime":"1045.726","status":"304","url":"/drive/folders"},"timestamp":"15-02-2025 03:43:46 PM"}
{"level":"info","message":{"method":"GET","responseTime":"35.126","status":"304","url":"/admin/adminViewUserList"},"timestamp":"15-02-2025 03:44:09 PM"}
{"level":"info","message":{"method":"GET","responseTime":"1055.307","status":"304","url":"/drive/folders"},"timestamp":"15-02-2025 03:44:10 PM"}
{"level":"info","message":{"method":"GET","responseTime":"117.620","status":"304","url":"/admin/adminViewUserList"},"timestamp":"15-02-2025 03:44:31 PM"}
{"level":"info","message":{"method":"GET","responseTime":"1077.479","status":"304","url":"/drive/folders"},"timestamp":"15-02-2025 03:44:32 PM"}
{"level":"info","message":{"method":"GET","responseTime":"593.991","status":"304","url":"/drive/folder-members?folderId=1v_mPF_o4XDI_zetUwckXpIIwHxmDGsH4"},"timestamp":"15-02-2025 03:44:36 PM"}
{"level":"info","message":{"method":"GET","responseTime":"31.006","status":"304","url":"/admin/adminViewUserList"},"timestamp":"15-02-2025 03:44:57 PM"}
{"level":"info","message":{"method":"GET","responseTime":"900.726","status":"304","url":"/drive/folders"},"timestamp":"15-02-2025 03:44:58 PM"}
{"level":"info","message":{"method":"GET","responseTime":"45.526","status":"304","url":"/admin/adminViewUserList"},"timestamp":"15-02-2025 03:44:59 PM"}
{"level":"info","message":{"method":"GET","responseTime":"783.460","status":"304","url":"/drive/folders"},"timestamp":"15-02-2025 03:45:00 PM"}
{"level":"info","message":{"method":"GET","responseTime":"43.533","status":"304","url":"/admin/adminViewUserList"},"timestamp":"15-02-2025 03:45:19 PM"}
{"level":"info","message":{"method":"GET","responseTime":"945.981","status":"304","url":"/drive/folders"},"timestamp":"15-02-2025 03:45:20 PM"}
{"level":"info","message":{"method":"GET","responseTime":"513.406","status":"304","url":"/drive/folder-members?folderId=1rFs6y5pmTkK9uFPHEvI2rU5WNniEer7I"},"timestamp":"15-02-2025 03:45:22 PM"}
{"level":"info","message":{"method":"GET","responseTime":"50.112","status":"304","url":"/admin/adminViewUserList"},"timestamp":"15-02-2025 03:45:27 PM"}
{"level":"info","message":{"method":"GET","responseTime":"1005.016","status":"304","url":"/drive/folders"},"timestamp":"15-02-2025 03:45:28 PM"}
{"level":"info","message":{"method":"GET","responseTime":"40.963","status":"304","url":"/admin/adminViewUserList"},"timestamp":"15-02-2025 03:45:30 PM"}
{"level":"info","message":{"method":"GET","responseTime":"671.829","status":"304","url":"/drive/folders"},"timestamp":"15-02-2025 03:45:31 PM"}
{"level":"info","message":{"method":"GET","responseTime":"-","status":"-","url":"/admin/adminViewUserList"},"timestamp":"15-02-2025 03:52:23 PM"}
{"level":"info","message":{"method":"GET","responseTime":"-","status":"-","url":"/drive/folders"},"timestamp":"15-02-2025 03:52:23 PM"}
{"level":"info","message":{"method":"GET","responseTime":"34.515","status":"200","url":"/admin/adminViewUserList"},"timestamp":"15-02-2025 03:52:23 PM"}
{"level":"info","message":{"method":"GET","responseTime":"1062.529","status":"200","url":"/drive/folders"},"timestamp":"15-02-2025 03:52:25 PM"}
{"level":"info","message":{"method":"GET","responseTime":"714.415","status":"304","url":"/drive/folder-members?folderId=1v_mPF_o4XDI_zetUwckXpIIwHxmDGsH4"},"timestamp":"15-02-2025 03:54:31 PM"}
{"level":"info","message":{"method":"GET","responseTime":"34.380","status":"304","url":"/admin/adminViewUserList"},"timestamp":"15-02-2025 03:55:26 PM"}
{"level":"info","message":{"method":"GET","responseTime":"1114.388","status":"304","url":"/drive/folders"},"timestamp":"15-02-2025 03:55:27 PM"}
{"level":"info","message":{"method":"GET","responseTime":"64.185","status":"304","url":"/admin/adminViewUserList"},"timestamp":"15-02-2025 03:58:40 PM"}
{"level":"info","message":{"method":"GET","responseTime":"1068.104","status":"304","url":"/drive/folders"},"timestamp":"15-02-2025 03:58:41 PM"}
{"level":"info","message":{"method":"GET","responseTime":"38.947","status":"304","url":"/admin/adminViewUserList"},"timestamp":"15-02-2025 03:59:41 PM"}
{"level":"info","message":{"method":"GET","responseTime":"921.416","status":"304","url":"/drive/folders"},"timestamp":"15-02-2025 03:59:42 PM"}
{"level":"info","message":{"method":"GET","responseTime":"559.802","status":"304","url":"/drive/folder-members?folderId=1v_mPF_o4XDI_zetUwckXpIIwHxmDGsH4"},"timestamp":"15-02-2025 03:59:46 PM"}
{"level":"info","message":{"method":"GET","responseTime":"220.688","status":"304","url":"/admin/adminViewUserList"},"timestamp":"15-02-2025 03:59:56 PM"}
{"level":"info","message":{"method":"GET","responseTime":"1227.391","status":"304","url":"/drive/folders"},"timestamp":"15-02-2025 03:59:57 PM"}
{"level":"info","message":{"method":"GET","responseTime":"882.212","status":"304","url":"/drive/folder-members?folderId=1v_mPF_o4XDI_zetUwckXpIIwHxmDGsH4"},"timestamp":"15-02-2025 04:00:04 PM"}
{"level":"info","message":{"method":"POST","responseTime":"20632.883","status":"200","url":"/drive/provide-access"},"timestamp":"15-02-2025 04:01:33 PM"}
{"level":"info","message":{"method":"GET","responseTime":"577.054","status":"200","url":"/drive/folder-members?folderId=1v_mPF_o4XDI_zetUwckXpIIwHxmDGsH4"},"timestamp":"15-02-2025 04:01:37 PM"}
{"level":"info","message":{"method":"GET","responseTime":"534.506","status":"304","url":"/drive/folder-members?folderId=1v_mPF_o4XDI_zetUwckXpIIwHxmDGsH4"},"timestamp":"15-02-2025 04:01:42 PM"}
{"level":"info","message":{"method":"POST","responseTime":"24107.151","status":"200","url":"/drive/remove-access"},"timestamp":"15-02-2025 04:02:30 PM"}
{"level":"info","message":{"method":"GET","responseTime":"443.638","status":"200","url":"/drive/folder-members?folderId=1v_mPF_o4XDI_zetUwckXpIIwHxmDGsH4"},"timestamp":"15-02-2025 04:02:35 PM"}
{"level":"info","message":{"method":"GET","responseTime":"617.770","status":"304","url":"/drive/folder-members?folderId=1v_mPF_o4XDI_zetUwckXpIIwHxmDGsH4"},"timestamp":"15-02-2025 04:02:38 PM"}
{"level":"info","message":{"method":"GET","responseTime":"33.648","status":"304","url":"/admin/adminViewUserList"},"timestamp":"15-02-2025 04:03:18 PM"}
{"level":"info","message":{"method":"GET","responseTime":"830.304","status":"304","url":"/drive/folders"},"timestamp":"15-02-2025 04:03:19 PM"}
{"level":"info","message":{"method":"GET","responseTime":"773.580","status":"304","url":"/drive/folder-members?folderId=1v_mPF_o4XDI_zetUwckXpIIwHxmDGsH4"},"timestamp":"15-02-2025 04:03:31 PM"}
{"level":"info","message":{"method":"GET","responseTime":"46.889","status":"304","url":"/admin/adminViewUserList"},"timestamp":"15-02-2025 04:03:49 PM"}
{"level":"info","message":{"method":"GET","responseTime":"886.946","status":"304","url":"/drive/folders"},"timestamp":"15-02-2025 04:03:50 PM"}
{"level":"info","message":{"method":"GET","responseTime":"567.755","status":"304","url":"/drive/folder-members?folderId=1v_mPF_o4XDI_zetUwckXpIIwHxmDGsH4"},"timestamp":"15-02-2025 04:04:27 PM"}
{"level":"info","message":{"method":"GET","responseTime":"36.403","status":"304","url":"/admin/adminViewUserList"},"timestamp":"15-02-2025 04:08:55 PM"}
{"level":"info","message":{"method":"GET","responseTime":"889.498","status":"304","url":"/drive/folders"},"timestamp":"15-02-2025 04:08:56 PM"}
{"level":"info","message":{"method":"GET","responseTime":"31.848","status":"304","url":"/admin/adminViewUserList"},"timestamp":"15-02-2025 04:08:57 PM"}
{"level":"info","message":{"method":"GET","responseTime":"788.006","status":"304","url":"/drive/folders"},"timestamp":"15-02-2025 04:08:58 PM"}
{"level":"info","message":{"method":"GET","responseTime":"37.265","status":"304","url":"/admin/adminViewUserList"},"timestamp":"15-02-2025 04:09:00 PM"}
{"level":"info","message":{"method":"GET","responseTime":"752.140","status":"304","url":"/drive/folders"},"timestamp":"15-02-2025 04:09:01 PM"}
{"level":"info","message":{"method":"GET","responseTime":"510.742","status":"304","url":"/drive/folder-members?folderId=1v_mPF_o4XDI_zetUwckXpIIwHxmDGsH4"},"timestamp":"15-02-2025 04:09:04 PM"}
{"level":"info","message":{"method":"GET","responseTime":"37.494","status":"304","url":"/admin/adminViewUserList"},"timestamp":"15-02-2025 04:09:13 PM"}
{"level":"info","message":{"method":"GET","responseTime":"867.611","status":"304","url":"/drive/folders"},"timestamp":"15-02-2025 04:09:14 PM"}
{"level":"info","message":{"method":"GET","responseTime":"57.193","status":"304","url":"/admin/adminViewUserList"},"timestamp":"15-02-2025 04:09:16 PM"}
{"level":"info","message":{"method":"GET","responseTime":"638.461","status":"304","url":"/drive/folders"},"timestamp":"15-02-2025 04:09:17 PM"}
{"level":"info","message":{"method":"GET","responseTime":"445.987","status":"304","url":"/drive/folder-members?folderId=1v_mPF_o4XDI_zetUwckXpIIwHxmDGsH4"},"timestamp":"15-02-2025 04:09:20 PM"}
{"level":"info","message":{"method":"GET","responseTime":"34.645","status":"304","url":"/admin/adminViewUserList"},"timestamp":"15-02-2025 04:12:16 PM"}
{"level":"info","message":{"method":"GET","responseTime":"35.864","status":"304","url":"/admin/adminViewUserList"},"timestamp":"15-02-2025 04:12:16 PM"}
{"level":"info","message":{"method":"GET","responseTime":"966.795","status":"304","url":"/drive/folders"},"timestamp":"15-02-2025 04:12:16 PM"}
{"level":"info","message":{"method":"GET","responseTime":"748.254","status":"304","url":"/drive/folders"},"timestamp":"15-02-2025 04:12:17 PM"}
{"level":"info","message":{"method":"GET","responseTime":"586.198","status":"304","url":"/drive/folder-members?folderId=1rFs6y5pmTkK9uFPHEvI2rU5WNniEer7I"},"timestamp":"15-02-2025 04:12:21 PM"}
{"level":"info","message":{"method":"GET","responseTime":"452.405","status":"304","url":"/drive/folder-members?folderId=1v_mPF_o4XDI_zetUwckXpIIwHxmDGsH4"},"timestamp":"15-02-2025 04:12:22 PM"}
{"level":"info","message":{"method":"GET","responseTime":"36.665","status":"304","url":"/admin/adminViewUserList"},"timestamp":"15-02-2025 04:13:11 PM"}
{"level":"info","message":{"method":"GET","responseTime":"1051.834","status":"304","url":"/drive/folders"},"timestamp":"15-02-2025 04:13:12 PM"}
{"level":"info","message":{"method":"GET","responseTime":"41.893","status":"304","url":"/admin/adminViewUserList"},"timestamp":"15-02-2025 04:13:15 PM"}
{"level":"info","message":{"method":"GET","responseTime":"747.392","status":"304","url":"/drive/folders"},"timestamp":"15-02-2025 04:13:16 PM"}
{"level":"info","message":{"method":"GET","responseTime":"67.206","status":"304","url":"/admin/adminViewUserList"},"timestamp":"15-02-2025 04:13:17 PM"}
{"level":"info","message":{"method":"GET","responseTime":"946.477","status":"304","url":"/drive/folders"},"timestamp":"15-02-2025 04:13:18 PM"}
{"level":"info","message":{"method":"GET","responseTime":"299.235","status":"304","url":"/admin/adminViewUserList"},"timestamp":"15-02-2025 04:13:37 PM"}
{"level":"info","message":{"method":"GET","responseTime":"988.431","status":"304","url":"/drive/folders"},"timestamp":"15-02-2025 04:13:38 PM"}
{"level":"info","message":{"method":"GET","responseTime":"627.228","status":"304","url":"/drive/folder-members?folderId=1v_mPF_o4XDI_zetUwckXpIIwHxmDGsH4"},"timestamp":"15-02-2025 04:13:40 PM"}
{"level":"info","message":{"method":"GET","responseTime":"37.589","status":"304","url":"/admin/adminViewUserList"},"timestamp":"15-02-2025 04:13:55 PM"}
{"level":"info","message":{"method":"GET","responseTime":"-","status":"-","url":"/drive/folders"},"timestamp":"15-02-2025 04:13:55 PM"}
{"level":"info","message":{"method":"GET","responseTime":"124.598","status":"304","url":"/admin/adminViewUserList"},"timestamp":"15-02-2025 04:13:56 PM"}
{"level":"info","message":{"method":"GET","responseTime":"964.198","status":"200","url":"/drive/folders"},"timestamp":"15-02-2025 04:13:57 PM"}
{"level":"info","message":{"method":"GET","responseTime":"465.292","status":"304","url":"/drive/folder-members?folderId=1v_mPF_o4XDI_zetUwckXpIIwHxmDGsH4"},"timestamp":"15-02-2025 04:13:59 PM"}
{"level":"info","message":{"method":"GET","responseTime":"51.475","status":"304","url":"/admin/adminViewUserList"},"timestamp":"15-02-2025 04:15:08 PM"}
{"level":"info","message":{"method":"GET","responseTime":"1163.332","status":"304","url":"/drive/folders"},"timestamp":"15-02-2025 04:15:10 PM"}
{"level":"info","message":{"method":"GET","responseTime":"57.445","status":"304","url":"/admin/adminViewUserList"},"timestamp":"15-02-2025 04:15:11 PM"}
{"level":"info","message":{"method":"GET","responseTime":"-","status":"-","url":"/drive/folders"},"timestamp":"15-02-2025 04:15:16 PM"}
{"level":"info","message":{"method":"GET","responseTime":"40.868","status":"304","url":"/admin/adminViewUserList"},"timestamp":"15-02-2025 04:15:18 PM"}
{"level":"info","message":{"method":"GET","responseTime":"985.285","status":"200","url":"/drive/folders"},"timestamp":"15-02-2025 04:15:19 PM"}
{"level":"info","message":{"method":"GET","responseTime":"499.470","status":"304","url":"/drive/folder-members?folderId=1v_mPF_o4XDI_zetUwckXpIIwHxmDGsH4"},"timestamp":"15-02-2025 04:15:20 PM"}
{"level":"info","message":{"method":"GET","responseTime":"591.418","status":"304","url":"/admin/adminViewUserList"},"timestamp":"15-02-2025 04:41:46 PM"}
{"level":"info","message":{"method":"GET","responseTime":"2242.414","status":"304","url":"/drive/folders"},"timestamp":"15-02-2025 04:41:47 PM"}
{"level":"info","message":{"method":"GET","responseTime":"55.699","status":"304","url":"/admin/adminViewUserList"},"timestamp":"15-02-2025 04:41:53 PM"}
{"level":"info","message":{"method":"GET","responseTime":"984.327","status":"304","url":"/drive/folders"},"timestamp":"15-02-2025 04:41:54 PM"}
{"level":"info","message":{"method":"POST","responseTime":"638.277","status":"201","url":"/user/userLogin"},"timestamp":"17-02-2025 02:58:00 PM"}
{"level":"info","message":{"method":"GET","responseTime":"65.888","status":"304","url":"/admin/adminViewUserList"},"timestamp":"17-02-2025 02:58:10 PM"}
{"level":"info","message":{"method":"GET","responseTime":"1333.458","status":"200","url":"/drive/folders"},"timestamp":"17-02-2025 02:58:11 PM"}
{"level":"info","message":{"method":"GET","responseTime":"1063.999","status":"304","url":"/drive/folder-members?folderId=1v_mPF_o4XDI_zetUwckXpIIwHxmDGsH4"},"timestamp":"17-02-2025 03:01:34 PM"}
{"level":"info","message":{"method":"GET","responseTime":"1358.967","status":"304","url":"/drive/folders"},"timestamp":"17-02-2025 03:02:22 PM"}
{"level":"info","message":{"method":"GET","responseTime":"1558.892","status":"304","url":"/admin/adminViewUserList"},"timestamp":"17-02-2025 03:02:22 PM"}
{"level":"info","message":{"method":"GET","responseTime":"915.259","status":"304","url":"/drive/folders"},"timestamp":"17-02-2025 03:02:36 PM"}
{"level":"info","message":{"method":"GET","responseTime":"1143.672","status":"304","url":"/admin/adminViewUserList"},"timestamp":"17-02-2025 03:02:37 PM"}
{"level":"info","message":{"method":"GET","responseTime":"600.841","status":"304","url":"/admin/adminViewUserList"},"timestamp":"17-02-2025 03:02:39 PM"}
{"level":"info","message":{"method":"GET","responseTime":"832.322","status":"304","url":"/drive/folders"},"timestamp":"17-02-2025 03:02:39 PM"}
{"level":"info","message":{"method":"GET","responseTime":"919.971","status":"304","url":"/drive/folders"},"timestamp":"17-02-2025 03:02:42 PM"}
{"level":"info","message":{"method":"GET","responseTime":"918.263","status":"304","url":"/drive/folders"},"timestamp":"17-02-2025 03:02:43 PM"}
{"level":"info","message":{"method":"GET","responseTime":"1018.918","status":"304","url":"/drive/folders"},"timestamp":"17-02-2025 03:02:44 PM"}
{"level":"info","message":{"method":"GET","responseTime":"3482.927","status":"304","url":"/admin/adminViewUserList"},"timestamp":"17-02-2025 03:02:45 PM"}
{"level":"info","message":{"method":"GET","responseTime":"2763.123","status":"304","url":"/admin/adminViewUserList"},"timestamp":"17-02-2025 03:02:48 PM"}
{"level":"info","message":{"method":"GET","responseTime":"2743.422","status":"304","url":"/admin/adminViewUserList"},"timestamp":"17-02-2025 03:02:51 PM"}
{"level":"info","message":{"method":"GET","responseTime":"641.250","status":"304","url":"/admin/adminViewUserList"},"timestamp":"17-02-2025 03:02:52 PM"}
{"level":"info","message":{"method":"GET","responseTime":"1059.517","status":"304","url":"/drive/folders"},"timestamp":"17-02-2025 03:02:52 PM"}
{"level":"info","message":{"method":"GET","responseTime":"615.929","status":"304","url":"/admin/adminViewUserList"},"timestamp":"17-02-2025 03:02:55 PM"}
{"level":"info","message":{"method":"GET","responseTime":"776.059","status":"304","url":"/drive/folders"},"timestamp":"17-02-2025 03:02:55 PM"}
{"level":"info","message":{"method":"GET","responseTime":"489.690","status":"304","url":"/admin/adminViewUserList"},"timestamp":"17-02-2025 03:03:03 PM"}
{"level":"info","message":{"method":"GET","responseTime":"1100.958","status":"304","url":"/drive/folders"},"timestamp":"17-02-2025 03:03:04 PM"}
{"level":"info","message":{"method":"GET","responseTime":"321.836","status":"304","url":"/admin/adminViewUserList"},"timestamp":"17-02-2025 03:03:12 PM"}
{"level":"info","message":{"method":"GET","responseTime":"201.838","status":"304","url":"/admin/adminViewUserList"},"timestamp":"17-02-2025 03:03:12 PM"}
{"level":"info","message":{"method":"GET","responseTime":"1064.927","status":"304","url":"/drive/folders"},"timestamp":"17-02-2025 03:03:12 PM"}
{"level":"info","message":{"method":"GET","responseTime":"914.047","status":"304","url":"/drive/folders"},"timestamp":"17-02-2025 03:03:13 PM"}
{"level":"info","message":{"method":"GET","responseTime":"178.632","status":"304","url":"/admin/adminViewUserList"},"timestamp":"17-02-2025 03:03:23 PM"}
{"level":"info","message":{"method":"GET","responseTime":"1049.258","status":"304","url":"/drive/folders"},"timestamp":"17-02-2025 03:03:24 PM"}
{"level":"info","message":{"method":"GET","responseTime":"114.707","status":"304","url":"/admin/adminViewUserList"},"timestamp":"17-02-2025 03:03:26 PM"}
{"level":"info","message":{"method":"GET","responseTime":"750.272","status":"304","url":"/drive/folders"},"timestamp":"17-02-2025 03:03:27 PM"}
{"level":"info","message":{"method":"POST","responseTime":"2426.381","status":"200","url":"/drive/provide-access"},"timestamp":"17-02-2025 03:04:03 PM"}
{"level":"info","message":{"method":"GET","responseTime":"615.465","status":"200","url":"/drive/folder-members?folderId=1v_mPF_o4XDI_zetUwckXpIIwHxmDGsH4"},"timestamp":"17-02-2025 03:04:06 PM"}
{"level":"info","message":{"method":"GET","responseTime":"552.888","status":"304","url":"/admin/adminViewUserList"},"timestamp":"17-02-2025 03:23:02 PM"}
{"level":"info","message":{"method":"GET","responseTime":"1300.350","status":"304","url":"/drive/folders"},"timestamp":"17-02-2025 03:23:03 PM"}
{"level":"info","message":{"method":"GET","responseTime":"56.038","status":"304","url":"/admin/adminViewUserList"},"timestamp":"17-02-2025 03:42:09 PM"}
{"level":"info","message":{"method":"GET","responseTime":"1182.776","status":"304","url":"/drive/folders"},"timestamp":"17-02-2025 03:42:10 PM"}
{"level":"info","message":{"method":"GET","responseTime":"564.277","status":"304","url":"/drive/folder-members?folderId=1v_mPF_o4XDI_zetUwckXpIIwHxmDGsH4"},"timestamp":"17-02-2025 03:42:13 PM"}
{"level":"info","message":{"method":"POST","responseTime":"6597.390","status":"200","url":"/drive/provide-access"},"timestamp":"17-02-2025 03:42:39 PM"}
{"level":"info","message":{"method":"GET","responseTime":"566.645","status":"200","url":"/drive/folder-members?folderId=1v_mPF_o4XDI_zetUwckXpIIwHxmDGsH4"},"timestamp":"17-02-2025 03:42:42 PM"}
{"level":"error","message":{"method":"GET","responseTime":"24.568","status":"401","url":"/drive/folders"},"timestamp":"17-02-2025 03:49:01 PM"}
{"level":"info","message":{"method":"GET","responseTime":"71.524","status":"304","url":"/admin/adminViewUserList"},"timestamp":"17-02-2025 03:49:01 PM"}
{"level":"error","message":{"method":"GET","responseTime":"0.918","status":"401","url":"/drive/folders"},"timestamp":"17-02-2025 03:49:02 PM"}
{"level":"info","message":{"method":"GET","responseTime":"51.331","status":"304","url":"/admin/adminViewUserList"},"timestamp":"17-02-2025 03:49:02 PM"}
{"level":"error","message":{"method":"GET","responseTime":"0.814","status":"401","url":"/drive/folders"},"timestamp":"17-02-2025 03:49:06 PM"}
{"level":"info","message":{"method":"GET","responseTime":"37.497","status":"304","url":"/admin/adminViewUserList"},"timestamp":"17-02-2025 03:49:06 PM"}
{"level":"error","message":{"method":"GET","responseTime":"0.884","status":"401","url":"/drive/folders"},"timestamp":"17-02-2025 03:49:12 PM"}
{"level":"info","message":{"method":"GET","responseTime":"35.382","status":"304","url":"/admin/adminViewUserList"},"timestamp":"17-02-2025 03:49:12 PM"}
{"level":"error","message":{"method":"GET","responseTime":"1.276","status":"401","url":"/drive/folders"},"timestamp":"17-02-2025 03:49:19 PM"}
{"level":"info","message":{"method":"GET","responseTime":"57.461","status":"304","url":"/admin/adminViewUserList"},"timestamp":"17-02-2025 03:49:20 PM"}
{"level":"error","message":{"method":"GET","responseTime":"28.159","status":"401","url":"/drive/folders"},"timestamp":"17-02-2025 03:49:23 PM"}
{"level":"info","message":{"method":"GET","responseTime":"111.878","status":"304","url":"/admin/adminViewUserList"},"timestamp":"17-02-2025 03:49:23 PM"}
{"level":"info","message":{"method":"GET","responseTime":"44.552","status":"304","url":"/admin/adminViewUserList"},"timestamp":"17-02-2025 03:49:49 PM"}
{"level":"info","message":{"method":"GET","responseTime":"1476.357","status":"304","url":"/drive/folders"},"timestamp":"17-02-2025 03:49:50 PM"}
{"level":"info","message":{"method":"GET","responseTime":"53.884","status":"304","url":"/admin/adminViewUserList"},"timestamp":"17-02-2025 03:49:54 PM"}
{"level":"info","message":{"method":"GET","responseTime":"806.935","status":"304","url":"/drive/folders"},"timestamp":"17-02-2025 03:49:54 PM"}
{"level":"error","message":{"method":"GET","responseTime":"2.615","status":"401","url":"/drive/folder-members?folderId=1v_mPF_o4XDI_zetUwckXpIIwHxmDGsH4"},"timestamp":"17-02-2025 03:49:56 PM"}
{"level":"info","message":{"method":"POST","responseTime":"2484.087","status":"200","url":"/drive/provide-access"},"timestamp":"17-02-2025 03:50:12 PM"}
{"level":"error","message":{"method":"GET","responseTime":"2.988","status":"401","url":"/drive/folder-members?folderId=1v_mPF_o4XDI_zetUwckXpIIwHxmDGsH4"},"timestamp":"17-02-2025 03:50:26 PM"}
{"level":"info","message":{"method":"POST","responseTime":"2367.493","status":"200","url":"/drive/provide-access"},"timestamp":"17-02-2025 03:54:01 PM"}
{"level":"error","message":{"method":"GET","responseTime":"2.520","status":"401","url":"/drive/folder-members?folderId=1v_mPF_o4XDI_zetUwckXpIIwHxmDGsH4"},"timestamp":"17-02-2025 04:04:34 PM"}
{"level":"info","message":{"method":"GET","responseTime":"760.679","status":"304","url":"/admin/adminViewUserList"},"timestamp":"17-02-2025 04:04:38 PM"}
{"level":"info","message":{"method":"GET","responseTime":"1292.881","status":"304","url":"/drive/folders"},"timestamp":"17-02-2025 04:04:38 PM"}
{"level":"error","message":{"method":"GET","responseTime":"0.857","status":"401","url":"/drive/folder-members?folderId=1v_mPF_o4XDI_zetUwckXpIIwHxmDGsH4"},"timestamp":"17-02-2025 04:04:39 PM"}
{"level":"error","message":{"method":"POST","responseTime":"2444.514","status":"500","url":"/drive/provide-access"},"timestamp":"17-02-2025 04:04:56 PM"}
{"level":"info","message":{"method":"GET","responseTime":"457.006","status":"304","url":"/admin/adminViewUserList"},"timestamp":"17-02-2025 04:05:01 PM"}
{"level":"info","message":{"method":"GET","responseTime":"811.867","status":"304","url":"/drive/folders"},"timestamp":"17-02-2025 04:05:01 PM"}
{"level":"error","message":{"method":"GET","responseTime":"0.814","status":"401","url":"/drive/folder-members?folderId=1v_mPF_o4XDI_zetUwckXpIIwHxmDGsH4"},"timestamp":"17-02-2025 04:05:07 PM"}
{"level":"error","message":{"method":"POST","responseTime":"2628.359","status":"500","url":"/drive/provide-access"},"timestamp":"17-02-2025 04:05:26 PM"}
{"level":"info","message":{"method":"POST","responseTime":"2778.622","status":"200","url":"/drive/provide-access"},"timestamp":"17-02-2025 04:06:34 PM"}
{"level":"error","message":{"method":"GET","responseTime":"1.023","status":"401","url":"/drive/folder-members?folderId=1v_mPF_o4XDI_zetUwckXpIIwHxmDGsH4"},"timestamp":"17-02-2025 04:06:43 PM"}
{"level":"error","message":{"method":"GET","responseTime":"4.221","status":"401","url":"/drive/folder-members?folderId=1v_mPF_o4XDI_zetUwckXpIIwHxmDGsH4"},"timestamp":"17-02-2025 04:16:22 PM"}
{"level":"info","message":{"method":"GET","responseTime":"367.726","status":"304","url":"/admin/adminViewUserList"},"timestamp":"17-02-2025 04:16:31 PM"}
{"level":"info","message":{"method":"GET","responseTime":"1139.617","status":"304","url":"/drive/folders"},"timestamp":"17-02-2025 04:16:32 PM"}
{"level":"info","message":{"method":"GET","responseTime":"36.215","status":"304","url":"/admin/adminViewUserList"},"timestamp":"17-02-2025 04:17:17 PM"}
{"level":"info","message":{"method":"GET","responseTime":"923.082","status":"304","url":"/drive/folders"},"timestamp":"17-02-2025 04:17:18 PM"}
{"level":"info","message":{"method":"GET","responseTime":"30.484","status":"304","url":"/admin/adminViewUserList"},"timestamp":"17-02-2025 04:17:19 PM"}
{"level":"info","message":{"method":"GET","responseTime":"796.859","status":"304","url":"/drive/folders"},"timestamp":"17-02-2025 04:17:20 PM"}
{"level":"error","message":{"method":"GET","responseTime":"0.757","status":"401","url":"/drive/folder-members?folderId=1v_mPF_o4XDI_zetUwckXpIIwHxmDGsH4"},"timestamp":"17-02-2025 04:17:32 PM"}
{"level":"info","message":{"method":"GET","responseTime":"37.065","status":"304","url":"/admin/adminViewUserList"},"timestamp":"17-02-2025 04:18:34 PM"}
{"level":"info","message":{"method":"GET","responseTime":"891.895","status":"304","url":"/drive/folders"},"timestamp":"17-02-2025 04:18:35 PM"}
{"level":"info","message":{"method":"GET","responseTime":"33.412","status":"304","url":"/admin/adminViewUserList"},"timestamp":"17-02-2025 04:18:37 PM"}
{"level":"info","message":{"method":"GET","responseTime":"1645.558","status":"304","url":"/drive/folders"},"timestamp":"17-02-2025 04:18:38 PM"}
{"level":"info","message":{"method":"GET","responseTime":"90.713","status":"304","url":"/admin/adminViewUserList"},"timestamp":"17-02-2025 04:18:55 PM"}
{"level":"info","message":{"method":"GET","responseTime":"1074.016","status":"304","url":"/drive/folders"},"timestamp":"17-02-2025 04:18:56 PM"}
{"level":"info","message":{"method":"GET","responseTime":"34.201","status":"304","url":"/admin/adminViewUserList"},"timestamp":"17-02-2025 04:19:00 PM"}
{"level":"info","message":{"method":"GET","responseTime":"751.604","status":"304","url":"/drive/folders"},"timestamp":"17-02-2025 04:19:01 PM"}
{"level":"info","message":{"method":"GET","responseTime":"32.960","status":"304","url":"/admin/adminViewUserList"},"timestamp":"17-02-2025 04:19:10 PM"}
{"level":"info","message":{"method":"GET","responseTime":"1320.050","status":"304","url":"/drive/folders"},"timestamp":"17-02-2025 04:19:12 PM"}
{"level":"info","message":{"method":"GET","responseTime":"36.831","status":"304","url":"/admin/adminViewUserList"},"timestamp":"17-02-2025 04:19:19 PM"}
{"level":"info","message":{"method":"GET","responseTime":"1003.660","status":"304","url":"/drive/folders"},"timestamp":"17-02-2025 04:19:20 PM"}
{"level":"info","message":{"method":"GET","responseTime":"44.070","status":"304","url":"/admin/adminViewUserList"},"timestamp":"17-02-2025 04:19:39 PM"}
{"level":"info","message":{"method":"GET","responseTime":"1085.867","status":"304","url":"/drive/folders"},"timestamp":"17-02-2025 04:19:40 PM"}
{"level":"info","message":{"method":"GET","responseTime":"33.390","status":"304","url":"/admin/adminViewUserList"},"timestamp":"17-02-2025 04:19:43 PM"}
{"level":"info","message":{"method":"GET","responseTime":"789.084","status":"304","url":"/drive/folders"},"timestamp":"17-02-2025 04:19:44 PM"}
{"level":"info","message":{"method":"GET","responseTime":"37.193","status":"304","url":"/admin/adminViewUserList"},"timestamp":"17-02-2025 04:22:01 PM"}
{"level":"info","message":{"method":"GET","responseTime":"983.517","status":"304","url":"/drive/folders"},"timestamp":"17-02-2025 04:22:02 PM"}
{"level":"info","message":{"method":"GET","responseTime":"32.048","status":"304","url":"/admin/adminViewUserList"},"timestamp":"17-02-2025 04:22:10 PM"}
{"level":"info","message":{"method":"GET","responseTime":"890.664","status":"304","url":"/drive/folders"},"timestamp":"17-02-2025 04:22:11 PM"}
{"level":"info","message":{"method":"GET","responseTime":"36.877","status":"304","url":"/admin/adminViewUserList"},"timestamp":"17-02-2025 04:22:24 PM"}
{"level":"info","message":{"method":"GET","responseTime":"1022.943","status":"304","url":"/drive/folders"},"timestamp":"17-02-2025 04:22:25 PM"}
{"level":"info","message":{"method":"GET","responseTime":"36.790","status":"304","url":"/admin/adminViewUserList"},"timestamp":"17-02-2025 04:22:28 PM"}
{"level":"info","message":{"method":"GET","responseTime":"804.458","status":"304","url":"/drive/folders"},"timestamp":"17-02-2025 04:22:29 PM"}
{"level":"info","message":{"method":"GET","responseTime":"74.479","status":"304","url":"/admin/adminViewUserList"},"timestamp":"17-02-2025 04:52:32 PM"}
{"level":"info","message":{"method":"GET","responseTime":"1144.488","status":"304","url":"/drive/folders"},"timestamp":"17-02-2025 04:52:33 PM"}
{"level":"error","message":{"method":"GET","responseTime":"1.810","status":"401","url":"/drive/folder-members?folderId=1v_mPF_o4XDI_zetUwckXpIIwHxmDGsH4"},"timestamp":"17-02-2025 04:52:39 PM"}
{"level":"error","message":{"method":"GET","responseTime":"0.988","status":"401","url":"/drive/folder-members?folderId=1rFs6y5pmTkK9uFPHEvI2rU5WNniEer7I"},"timestamp":"17-02-2025 04:52:50 PM"}
{"level":"error","message":{"method":"GET","responseTime":"1.309","status":"401","url":"/drive/folder-members?folderId=1v_mPF_o4XDI_zetUwckXpIIwHxmDGsH4"},"timestamp":"17-02-2025 04:52:53 PM"}
{"level":"info","message":{"method":"GET","responseTime":"41.661","status":"304","url":"/admin/adminViewUserList"},"timestamp":"17-02-2025 04:53:43 PM"}
{"level":"info","message":{"method":"GET","responseTime":"39.890","status":"304","url":"/admin/adminViewUserList"},"timestamp":"17-02-2025 04:53:44 PM"}
{"level":"info","message":{"method":"GET","responseTime":"921.571","status":"304","url":"/drive/folders"},"timestamp":"17-02-2025 04:53:44 PM"}
{"level":"info","message":{"method":"GET","responseTime":"640.925","status":"304","url":"/drive/folders"},"timestamp":"17-02-2025 04:53:45 PM"}
{"level":"info","message":{"method":"GET","responseTime":"41.662","status":"304","url":"/admin/adminViewUserList"},"timestamp":"17-02-2025 04:53:46 PM"}
{"level":"info","message":{"method":"GET","responseTime":"43.319","status":"304","url":"/admin/adminViewUserList"},"timestamp":"17-02-2025 04:53:46 PM"}
{"level":"info","message":{"method":"GET","responseTime":"925.012","status":"304","url":"/drive/folders"},"timestamp":"17-02-2025 04:53:47 PM"}
{"level":"info","message":{"method":"GET","responseTime":"40.687","status":"304","url":"/admin/adminViewUserList"},"timestamp":"17-02-2025 04:53:47 PM"}
{"level":"info","message":{"method":"GET","responseTime":"708.285","status":"304","url":"/drive/folders"},"timestamp":"17-02-2025 04:53:47 PM"}
{"level":"info","message":{"method":"GET","responseTime":"736.803","status":"304","url":"/drive/folders"},"timestamp":"17-02-2025 04:53:48 PM"}
{"level":"info","message":{"method":"GET","responseTime":"686.567","status":"200","url":"/drive/folder-members?folderId=1rFs6y5pmTkK9uFPHEvI2rU5WNniEer7I"},"timestamp":"17-02-2025 04:53:56 PM"}
{"level":"info","message":{"method":"GET","responseTime":"578.631","status":"200","url":"/drive/folder-members?folderId=1v_mPF_o4XDI_zetUwckXpIIwHxmDGsH4"},"timestamp":"17-02-2025 04:53:58 PM"}
{"level":"info","message":{"method":"GET","responseTime":"631.714","status":"304","url":"/drive/folder-members?folderId=1rFs6y5pmTkK9uFPHEvI2rU5WNniEer7I"},"timestamp":"17-02-2025 04:54:05 PM"}
{"level":"info","message":{"method":"GET","responseTime":"681.486","status":"304","url":"/drive/folder-members?folderId=1v_mPF_o4XDI_zetUwckXpIIwHxmDGsH4"},"timestamp":"17-02-2025 04:54:07 PM"}
{"level":"info","message":{"method":"POST","responseTime":"4530.100","status":"200","url":"/drive/remove-access"},"timestamp":"17-02-2025 04:54:40 PM"}
{"level":"info","message":{"method":"GET","responseTime":"839.721","status":"200","url":"/drive/folder-members?folderId=1v_mPF_o4XDI_zetUwckXpIIwHxmDGsH4"},"timestamp":"17-02-2025 04:54:47 PM"}
{"level":"info","message":{"method":"GET","responseTime":"891.334","status":"304","url":"/drive/folder-members?folderId=1v_mPF_o4XDI_zetUwckXpIIwHxmDGsH4"},"timestamp":"17-02-2025 04:59:32 PM"}
{"level":"info","message":{"method":"GET","responseTime":"692.105","status":"304","url":"/drive/folder-members?folderId=1rFs6y5pmTkK9uFPHEvI2rU5WNniEer7I"},"timestamp":"17-02-2025 04:59:38 PM"}
{"level":"info","message":{"method":"GET","responseTime":"504.882","status":"200","url":"/drive/folder-members?folderId=1-AbHAmRy_YxrLFIoUr6gyHvQ07B46vH7"},"timestamp":"17-02-2025 04:59:41 PM"}
{"level":"info","message":{"method":"GET","responseTime":"551.259","status":"200","url":"/drive/folder-members?folderId=128TPUmKSO7NSoDhxhWMUxnQRCJEGrSon"},"timestamp":"17-02-2025 04:59:45 PM"}
{"level":"info","message":{"method":"GET","responseTime":"759.003","status":"304","url":"/drive/folder-members?folderId=1v_mPF_o4XDI_zetUwckXpIIwHxmDGsH4"},"timestamp":"17-02-2025 04:59:52 PM"}
{"level":"info","message":{"method":"POST","responseTime":"4727.377","status":"200","url":"/drive/provide-access"},"timestamp":"17-02-2025 05:00:24 PM"}
{"level":"info","message":{"method":"GET","responseTime":"545.757","status":"200","url":"/drive/folder-members?folderId=1v_mPF_o4XDI_zetUwckXpIIwHxmDGsH4"},"timestamp":"17-02-2025 05:00:26 PM"}
{"level":"info","message":{"method":"GET","responseTime":"710.783","status":"304","url":"/drive/folder-members?folderId=1v_mPF_o4XDI_zetUwckXpIIwHxmDGsH4"},"timestamp":"17-02-2025 05:00:30 PM"}
{"level":"info","message":{"method":"POST","responseTime":"3766.684","status":"200","url":"/drive/remove-access"},"timestamp":"17-02-2025 05:01:15 PM"}
{"level":"info","message":{"method":"GET","responseTime":"732.600","status":"200","url":"/drive/folder-members?folderId=1v_mPF_o4XDI_zetUwckXpIIwHxmDGsH4"},"timestamp":"17-02-2025 05:01:55 PM"}
{"level":"info","message":{"method":"GET","responseTime":"56.743","status":"304","url":"/admin/adminViewUserList"},"timestamp":"17-02-2025 05:01:55 PM"}
{"level":"info","message":{"method":"GET","responseTime":"748.905","status":"304","url":"/drive/folders"},"timestamp":"17-02-2025 05:01:56 PM"}
{"level":"info","message":{"method":"GET","responseTime":"84.286","status":"304","url":"/admin/adminViewUserList"},"timestamp":"17-02-2025 05:05:18 PM"}
{"level":"info","message":{"method":"GET","responseTime":"1224.599","status":"304","url":"/drive/folders"},"timestamp":"17-02-2025 05:05:19 PM"}
{"level":"info","message":{"method":"GET","responseTime":"712.067","status":"304","url":"/drive/folder-members?folderId=1v_mPF_o4XDI_zetUwckXpIIwHxmDGsH4"},"timestamp":"17-02-2025 05:05:24 PM"}
{"level":"info","message":{"method":"GET","responseTime":"43.363","status":"304","url":"/admin/adminViewUserList"},"timestamp":"17-02-2025 05:05:59 PM"}
{"level":"info","message":{"method":"GET","responseTime":"995.235","status":"304","url":"/drive/folders"},"timestamp":"17-02-2025 05:06:00 PM"}
{"level":"info","message":{"method":"GET","responseTime":"826.261","status":"304","url":"/drive/folder-members?folderId=1v_mPF_o4XDI_zetUwckXpIIwHxmDGsH4"},"timestamp":"17-02-2025 05:06:02 PM"}
{"level":"info","message":{"method":"GET","responseTime":"35.790","status":"304","url":"/admin/adminViewUserList"},"timestamp":"17-02-2025 05:06:29 PM"}
{"level":"info","message":{"method":"GET","responseTime":"1256.421","status":"304","url":"/drive/folders"},"timestamp":"17-02-2025 05:06:30 PM"}
{"level":"info","message":{"method":"GET","responseTime":"637.289","status":"304","url":"/drive/folder-members?folderId=1v_mPF_o4XDI_zetUwckXpIIwHxmDGsH4"},"timestamp":"17-02-2025 05:06:32 PM"}
{"level":"info","message":{"method":"GET","responseTime":"294.446","status":"304","url":"/admin/adminViewUserList"},"timestamp":"17-02-2025 05:06:46 PM"}
{"level":"info","message":{"method":"GET","responseTime":"976.147","status":"304","url":"/drive/folders"},"timestamp":"17-02-2025 05:06:46 PM"}
{"level":"info","message":{"method":"GET","responseTime":"649.913","status":"304","url":"/drive/folder-members?folderId=1v_mPF_o4XDI_zetUwckXpIIwHxmDGsH4"},"timestamp":"17-02-2025 05:06:52 PM"}
{"level":"info","message":{"method":"POST","responseTime":"5093.380","status":"200","url":"/drive/provide-access"},"timestamp":"17-02-2025 05:07:21 PM"}
{"level":"info","message":{"method":"GET","responseTime":"622.777","status":"200","url":"/drive/folder-members?folderId=1v_mPF_o4XDI_zetUwckXpIIwHxmDGsH4"},"timestamp":"17-02-2025 05:07:23 PM"}
{"level":"info","message":{"method":"GET","responseTime":"542.457","status":"304","url":"/drive/folder-members?folderId=1v_mPF_o4XDI_zetUwckXpIIwHxmDGsH4"},"timestamp":"17-02-2025 05:07:27 PM"}
{"level":"info","message":{"method":"POST","responseTime":"3813.294","status":"200","url":"/drive/remove-access"},"timestamp":"17-02-2025 05:07:42 PM"}
{"level":"info","message":{"method":"GET","responseTime":"890.230","status":"200","url":"/drive/folder-members?folderId=1v_mPF_o4XDI_zetUwckXpIIwHxmDGsH4"},"timestamp":"17-02-2025 05:15:31 PM"}
{"level":"info","message":{"method":"POST","responseTime":"4906.489","status":"200","url":"/drive/provide-access"},"timestamp":"17-02-2025 05:15:58 PM"}
{"level":"info","message":{"method":"GET","responseTime":"547.421","status":"200","url":"/drive/folder-members?folderId=1v_mPF_o4XDI_zetUwckXpIIwHxmDGsH4"},"timestamp":"17-02-2025 05:16:00 PM"}
{"level":"info","message":{"method":"GET","responseTime":"500.953","status":"304","url":"/drive/folder-members?folderId=1v_mPF_o4XDI_zetUwckXpIIwHxmDGsH4"},"timestamp":"17-02-2025 05:16:04 PM"}
{"level":"info","message":{"method":"POST","responseTime":"3959.834","status":"201","url":"/drive/remove-access"},"timestamp":"17-02-2025 05:16:13 PM"}
{"level":"info","message":{"method":"GET","responseTime":"550.320","status":"200","url":"/drive/folder-members?folderId=1v_mPF_o4XDI_zetUwckXpIIwHxmDGsH4"},"timestamp":"17-02-2025 05:16:14 PM"}
{"level":"info","message":{"method":"GET","responseTime":"67.031","status":"304","url":"/admin/adminViewUserList"},"timestamp":"17-02-2025 05:26:02 PM"}
{"level":"info","message":{"method":"GET","responseTime":"1196.062","status":"304","url":"/drive/folders"},"timestamp":"17-02-2025 05:26:03 PM"}
{"level":"info","message":{"method":"GET","responseTime":"671.011","status":"304","url":"/drive/folder-members?folderId=1v_mPF_o4XDI_zetUwckXpIIwHxmDGsH4"},"timestamp":"17-02-2025 05:26:07 PM"}
{"level":"error","message":{"method":"POST","responseTime":"4656.823","status":"500","url":"/drive/provide-access"},"timestamp":"17-02-2025 05:26:34 PM"}
{"level":"error","message":{"method":"POST","responseTime":"3703.513","status":"500","url":"/drive/provide-access"},"timestamp":"17-02-2025 05:26:59 PM"}
{"level":"info","message":{"method":"GET","responseTime":"182.435","status":"304","url":"/admin/adminViewUserList"},"timestamp":"17-02-2025 05:28:42 PM"}
{"level":"info","message":{"method":"GET","responseTime":"1552.332","status":"304","url":"/drive/folders"},"timestamp":"17-02-2025 05:28:44 PM"}
{"level":"error","message":{"method":"POST","responseTime":"4744.806","status":"500","url":"/drive/provide-access"},"timestamp":"17-02-2025 05:28:47 PM"}
{"level":"info","message":{"method":"GET","responseTime":"41.960","status":"304","url":"/admin/adminViewUserList"},"timestamp":"17-02-2025 05:30:45 PM"}
{"level":"info","message":{"method":"GET","responseTime":"1348.058","status":"304","url":"/drive/folders"},"timestamp":"17-02-2025 05:30:46 PM"}
{"level":"error","message":{"method":"POST","responseTime":"3856.010","status":"500","url":"/drive/provide-access"},"timestamp":"17-02-2025 05:31:36 PM"}
{"level":"info","message":{"method":"POST","responseTime":"3666.254","status":"200","url":"/drive/provide-access"},"timestamp":"17-02-2025 05:34:38 PM"}
{"level":"info","message":{"method":"GET","responseTime":"800.865","status":"200","url":"/drive/folder-members?folderId=1v_mPF_o4XDI_zetUwckXpIIwHxmDGsH4"},"timestamp":"17-02-2025 05:34:46 PM"}
{"level":"info","message":{"method":"GET","responseTime":"700.251","status":"304","url":"/drive/folder-members?folderId=1v_mPF_o4XDI_zetUwckXpIIwHxmDGsH4"},"timestamp":"17-02-2025 05:34:50 PM"}
{"level":"info","message":{"method":"POST","responseTime":"4009.377","status":"201","url":"/drive/remove-access"},"timestamp":"17-02-2025 05:35:03 PM"}
{"level":"info","message":{"method":"GET","responseTime":"565.595","status":"200","url":"/drive/folder-members?folderId=1v_mPF_o4XDI_zetUwckXpIIwHxmDGsH4"},"timestamp":"17-02-2025 05:35:06 PM"}
{"level":"info","message":{"method":"POST","responseTime":"7044.495","status":"200","url":"/drive/provide-access"},"timestamp":"17-02-2025 05:38:19 PM"}
{"level":"info","message":{"method":"GET","responseTime":"526.910","status":"200","url":"/drive/folder-members?folderId=1v_mPF_o4XDI_zetUwckXpIIwHxmDGsH4"},"timestamp":"17-02-2025 05:38:21 PM"}
{"level":"info","message":{"method":"GET","responseTime":"815.297","status":"304","url":"/drive/folder-members?folderId=1v_mPF_o4XDI_zetUwckXpIIwHxmDGsH4"},"timestamp":"17-02-2025 05:38:31 PM"}
{"level":"info","message":{"method":"POST","responseTime":"2223.291","status":"201","url":"/drive/remove-access"},"timestamp":"17-02-2025 05:38:38 PM"}
{"level":"info","message":{"method":"GET","responseTime":"497.276","status":"200","url":"/drive/folder-members?folderId=1v_mPF_o4XDI_zetUwckXpIIwHxmDGsH4"},"timestamp":"17-02-2025 05:38:41 PM"}
{"level":"info","message":{"method":"GET","responseTime":"81.737","status":"304","url":"/admin/adminViewUserList"},"timestamp":"17-02-2025 06:02:52 PM"}
{"level":"info","message":{"method":"GET","responseTime":"1081.771","status":"304","url":"/drive/folders"},"timestamp":"17-02-2025 06:02:53 PM"}
{"level":"error","message":{"method":"GET","responseTime":"9.859","status":"404","url":"/drive/access-logs"},"timestamp":"17-02-2025 06:02:57 PM"}
{"level":"error","message":{"method":"GET","responseTime":"13.412","status":"404","url":"/drive/access-logs"},"timestamp":"17-02-2025 06:03:04 PM"}
{"level":"info","message":{"method":"GET","responseTime":"34.733","status":"304","url":"/admin/adminViewUserList"},"timestamp":"17-02-2025 06:03:21 PM"}
{"level":"info","message":{"method":"GET","responseTime":"870.841","status":"304","url":"/drive/folders"},"timestamp":"17-02-2025 06:03:22 PM"}
{"level":"error","message":{"method":"GET","responseTime":"1.697","status":"404","url":"/drive/access-logs"},"timestamp":"17-02-2025 06:03:28 PM"}
{"level":"error","message":{"method":"GET","responseTime":"1.857","status":"404","url":"/api/access-manager"},"timestamp":"17-02-2025 06:25:45 PM"}
{"level":"error","message":{"method":"GET","responseTime":"4.455","status":"404","url":"/api/access-logs"},"timestamp":"17-02-2025 06:26:09 PM"}
{"level":"error","message":{"method":"GET","responseTime":"0.642","status":"404","url":"/api/access-logs"},"timestamp":"17-02-2025 06:26:11 PM"}
{"level":"error","message":{"method":"GET","responseTime":"0.334","status":"404","url":"/access-logs"},"timestamp":"17-02-2025 06:26:32 PM"}
{"level":"error","message":{"method":"GET","responseTime":"0.533","status":"404","url":"/access-logs"},"timestamp":"17-02-2025 06:26:34 PM"}
{"level":"error","message":{"method":"GET","responseTime":"177.750","status":"500","url":"/drive/access-logs"},"timestamp":"17-02-2025 06:27:53 PM"}
{"level":"error","message":{"method":"GET","responseTime":"20.125","status":"500","url":"/drive/access-logs"},"timestamp":"17-02-2025 06:29:04 PM"}
{"level":"error","message":{"method":"GET","responseTime":"22.309","status":"500","url":"/drive/access-logs"},"timestamp":"17-02-2025 06:29:07 PM"}
{"level":"error","message":{"method":"GET","responseTime":"20.917","status":"500","url":"/drive/access-logs"},"timestamp":"17-02-2025 06:29:34 PM"}
{"level":"error","message":{"method":"GET","responseTime":"27.234","status":"500","url":"/drive/access-logs"},"timestamp":"17-02-2025 06:30:01 PM"}
{"level":"error","message":{"method":"GET","responseTime":"19.662","status":"500","url":"/drive/access-logs"},"timestamp":"17-02-2025 06:30:30 PM"}
{"level":"error","message":{"method":"GET","responseTime":"32.152","status":"500","url":"/drive/access-logs"},"timestamp":"17-02-2025 06:30:33 PM"}
{"level":"error","message":{"method":"GET","responseTime":"25.203","status":"500","url":"/drive/access-logs"},"timestamp":"17-02-2025 06:40:14 PM"}
{"level":"info","message":{"method":"GET","responseTime":"31.099","status":"304","url":"/admin/adminViewUserList"},"timestamp":"17-02-2025 06:40:51 PM"}
{"level":"info","message":{"method":"GET","responseTime":"1266.629","status":"304","url":"/drive/folders"},"timestamp":"17-02-2025 06:40:52 PM"}
{"level":"error","message":{"method":"GET","responseTime":"34.269","status":"500","url":"/drive/access-logs"},"timestamp":"17-02-2025 06:40:53 PM"}
{"level":"info","message":{"method":"GET","responseTime":"44.315","status":"304","url":"/admin/adminViewUserList"},"timestamp":"17-02-2025 06:43:00 PM"}
{"level":"info","message":{"method":"GET","responseTime":"1218.197","status":"304","url":"/drive/folders"},"timestamp":"17-02-2025 06:43:01 PM"}
{"level":"info","message":{"method":"GET","responseTime":"117.402","status":"200","url":"/drive/access-logs"},"timestamp":"17-02-2025 06:43:02 PM"}
{"level":"info","message":{"method":"GET","responseTime":"59.811","status":"304","url":"/admin/adminViewUserList"},"timestamp":"17-02-2025 06:43:50 PM"}
{"level":"info","message":{"method":"GET","responseTime":"1062.109","status":"304","url":"/drive/folders"},"timestamp":"17-02-2025 06:43:51 PM"}
{"level":"info","message":{"method":"GET","responseTime":"39.967","status":"200","url":"/drive/access-logs"},"timestamp":"17-02-2025 06:43:55 PM"}
{"level":"error","message":{"method":"GET","responseTime":"67.344","status":"500","url":"/drive/access-logs"},"timestamp":"17-02-2025 06:47:39 PM"}
{"level":"info","message":{"method":"GET","responseTime":"53.862","status":"304","url":"/admin/adminViewUserList"},"timestamp":"17-02-2025 06:49:23 PM"}
{"level":"info","message":{"method":"GET","responseTime":"1339.279","status":"304","url":"/drive/folders"},"timestamp":"17-02-2025 06:49:24 PM"}
{"level":"error","message":{"method":"GET","responseTime":"27.093","status":"500","url":"/drive/access-logs"},"timestamp":"17-02-2025 06:49:25 PM"}
{"level":"info","message":{"method":"POST","responseTime":"457.475","status":"201","url":"/user/userLogin"},"timestamp":"28-02-2025 11:40:27 AM"}
{"level":"info","message":{"method":"GET","responseTime":"146.561","status":"200","url":"/admin/adminViewUserList"},"timestamp":"28-02-2025 11:41:02 AM"}
{"level":"info","message":{"method":"GET","responseTime":"1133.033","status":"200","url":"/drive/folders"},"timestamp":"28-02-2025 11:41:03 AM"}
{"level":"info","message":{"method":"GET","responseTime":"40.944","status":"200","url":"/drive/access-logs"},"timestamp":"28-02-2025 11:41:08 AM"}
{"level":"info","message":{"method":"GET","responseTime":"74.709","status":"304","url":"/admin/adminViewUserList"},"timestamp":"28-02-2025 11:41:20 AM"}
{"level":"info","message":{"method":"GET","responseTime":"949.147","status":"304","url":"/drive/folders"},"timestamp":"28-02-2025 11:41:21 AM"}
{"level":"info","message":{"method":"GET","responseTime":"643.782","status":"200","url":"/drive/folder-members?folderId=1v_mPF_o4XDI_zetUwckXpIIwHxmDGsH4"},"timestamp":"28-02-2025 11:41:31 AM"}
{"level":"info","message":{"method":"GET","responseTime":"673.473","status":"200","url":"/drive/folder-members?folderId=1rFs6y5pmTkK9uFPHEvI2rU5WNniEer7I"},"timestamp":"28-02-2025 11:42:04 AM"}
{"level":"info","message":{"method":"POST","responseTime":"2611.442","status":"200","url":"/drive/provide-access"},"timestamp":"28-02-2025 11:43:05 AM"}
{"level":"info","message":{"method":"GET","responseTime":"462.379","status":"200","url":"/drive/folder-members?folderId=1v_mPF_o4XDI_zetUwckXpIIwHxmDGsH4"},"timestamp":"28-02-2025 11:43:08 AM"}
{"level":"info","message":{"method":"GET","responseTime":"600.471","status":"304","url":"/drive/folder-members?folderId=1v_mPF_o4XDI_zetUwckXpIIwHxmDGsH4"},"timestamp":"28-02-2025 11:43:29 AM"}
{"level":"info","message":{"method":"POST","responseTime":"1723.258","status":"201","url":"/drive/remove-access"},"timestamp":"28-02-2025 11:43:45 AM"}
{"level":"info","message":{"method":"GET","responseTime":"533.192","status":"200","url":"/drive/folder-members?folderId=1v_mPF_o4XDI_zetUwckXpIIwHxmDGsH4"},"timestamp":"28-02-2025 11:43:48 AM"}
{"level":"info","message":{"method":"GET","responseTime":"451.233","status":"304","url":"/drive/folder-members?folderId=1v_mPF_o4XDI_zetUwckXpIIwHxmDGsH4"},"timestamp":"28-02-2025 11:43:52 AM"}
{"level":"error","message":{"method":"POST","responseTime":"5.336","status":"404","url":"/api/admin/registerUser"},"timestamp":"03-04-2025 05:34:18 PM"}
{"level":"error","message":{"method":"POST","responseTime":"8.605","status":"404","url":"/api/admin/registerUser"},"timestamp":"03-04-2025 05:44:26 PM"}
{"level":"error","message":{"method":"POST","responseTime":"23.898","status":"401","url":"/admin/registerUser"},"timestamp":"03-04-2025 05:50:09 PM"}
{"level":"error","message":{"method":"POST","responseTime":"24.252","status":"401","url":"/admin/registerUser"},"timestamp":"03-04-2025 05:52:43 PM"}
{"level":"error","message":{"method":"POST","responseTime":"9.616","status":"401","url":"/admin/registerUser"},"timestamp":"03-04-2025 05:58:56 PM"}
{"level":"error","message":{"method":"POST","responseTime":"12.867","status":"401","url":"/admin/registerUser"},"timestamp":"03-04-2025 06:01:29 PM"}
{"level":"error","message":{"method":"POST","responseTime":"13.585","status":"401","url":"/admin/registerUser"},"timestamp":"03-04-2025 06:04:05 PM"}
{"level":"error","message":{"method":"POST","responseTime":"7.882","status":"401","url":"/admin/registerUser"},"timestamp":"03-04-2025 06:05:45 PM"}
{"level":"error","message":{"method":"POST","responseTime":"70.626","status":"409","url":"/admin/registerUser"},"timestamp":"03-04-2025 06:16:37 PM"}
{"level":"info","message":{"method":"POST","responseTime":"154.087","status":"201","url":"/admin/registerUser"},"timestamp":"03-04-2025 06:17:42 PM"}
{"level":"info","message":{"method":"POST","responseTime":"679.769","status":"201","url":"/user/userLogin"},"timestamp":"03-04-2025 06:19:11 PM"}
{"level":"info","message":{"method":"GET","responseTime":"94.830","status":"200","url":"/admin/adminViewRaisedQueries"},"timestamp":"03-04-2025 06:19:13 PM"}
{"level":"info","message":{"method":"GET","responseTime":"96.551","status":"200","url":"/admin/adminViewUserList"},"timestamp":"03-04-2025 06:19:17 PM"}
{"level":"info","message":{"method":"GET","responseTime":"57.976","status":"304","url":"/admin/adminViewRaisedQueries"},"timestamp":"03-04-2025 06:20:31 PM"}
{"level":"info","message":{"method":"GET","responseTime":"55.236","status":"304","url":"/admin/adminViewUserList"},"timestamp":"03-04-2025 06:20:35 PM"}
{"level":"info","message":{"method":"GET","responseTime":"44.858","status":"304","url":"/admin/adminViewRaisedQueries"},"timestamp":"03-04-2025 06:20:48 PM"}
{"level":"info","message":{"method":"POST","responseTime":"234.215","status":"201","url":"/admin/registerUser"},"timestamp":"03-04-2025 06:21:56 PM"}
{"level":"info","message":{"method":"GET","responseTime":"54.385","status":"200","url":"/admin/adminViewUserList"},"timestamp":"03-04-2025 06:22:08 PM"}
{"level":"info","message":{"method":"POST","responseTime":"276.419","status":"201","url":"/admin/registerUser"},"timestamp":"03-04-2025 06:29:00 PM"}
{"level":"info","message":{"method":"GET","responseTime":"70.405","status":"200","url":"/admin/adminViewUserList"},"timestamp":"03-04-2025 06:29:16 PM"}
{"level":"info","message":{"method":"POST","responseTime":"213.735","status":"201","url":"/admin/registerUser"},"timestamp":"03-04-2025 06:31:38 PM"}
{"level":"info","message":{"method":"GET","responseTime":"58.942","status":"200","url":"/admin/adminViewUserList"},"timestamp":"03-04-2025 06:31:49 PM"}
{"level":"info","message":{"method":"POST","responseTime":"261.247","status":"201","url":"/admin/registerUser"},"timestamp":"03-04-2025 06:40:57 PM"}
{"level":"info","message":{"method":"GET","responseTime":"116.661","status":"200","url":"/admin/adminViewUserList"},"timestamp":"03-04-2025 06:41:13 PM"}
{"level":"info","message":{"method":"POST","responseTime":"221.661","status":"201","url":"/admin/registerUser"},"timestamp":"03-04-2025 06:44:58 PM"}
{"level":"info","message":{"method":"GET","responseTime":"161.516","status":"200","url":"/admin/adminViewUserList"},"timestamp":"03-04-2025 06:45:24 PM"}
{"level":"info","message":{"method":"POST","responseTime":"269.009","status":"201","url":"/admin/registerUser"},"timestamp":"04-04-2025 01:43:32 PM"}
{"level":"info","message":{"method":"POST","responseTime":"249.941","status":"201","url":"/admin/registerUser"},"timestamp":"04-04-2025 01:48:56 PM"}
{"level":"info","message":{"method":"POST","responseTime":"234.743","status":"201","url":"/admin/registerUser"},"timestamp":"04-04-2025 01:51:50 PM"}
{"level":"info","message":{"method":"POST","responseTime":"231.117","status":"201","url":"/admin/registerUser"},"timestamp":"04-04-2025 02:06:34 PM"}
{"level":"info","message":{"method":"GET","responseTime":"116.543","status":"200","url":"/admin/adminViewUserList"},"timestamp":"04-04-2025 02:08:07 PM"}
{"level":"info","message":{"method":"POST","responseTime":"756.127","status":"201","url":"/user/userLogin"},"timestamp":"03-07-2025 01:26:20 PM"}
{"level":"info","message":{"method":"POST","responseTime":"558.564","status":"201","url":"/user/userLogin"},"timestamp":"03-07-2025 01:31:27 PM"}
{"level":"info","message":{"method":"POST","responseTime":"399.505","status":"201","url":"/user/userLogin"},"timestamp":"03-07-2025 01:33:31 PM"}
{"level":"info","message":{"method":"POST","responseTime":"383.751","status":"201","url":"/user/userLogin"},"timestamp":"03-07-2025 01:34:21 PM"}
{"level":"info","message":{"method":"GET","responseTime":"95.655","status":"200","url":"/admin/adminViewRaisedQueries"},"timestamp":"03-07-2025 01:34:25 PM"}
{"level":"info","message":{"method":"POST","responseTime":"498.019","status":"201","url":"/user/userLogin"},"timestamp":"03-07-2025 01:35:29 PM"}
{"level":"error","message":{"method":"POST","responseTime":"105.587","status":"400","url":"/user/userLogin"},"timestamp":"04-07-2025 12:16:52 PM"}
{"level":"error","message":{"method":"POST","responseTime":"109.510","status":"400","url":"/user/userLogin"},"timestamp":"04-07-2025 12:18:07 PM"}
{"level":"error","message":{"method":"POST","responseTime":"91.769","status":"400","url":"/user/userLogin"},"timestamp":"04-07-2025 12:19:06 PM"}
{"level":"error","message":{"method":"POST","responseTime":"148.506","status":"400","url":"/user/userLogin"},"timestamp":"04-07-2025 12:19:33 PM"}
{"level":"error","message":{"method":"POST","responseTime":"144.043","status":"400","url":"/user/userLogin"},"timestamp":"04-07-2025 12:20:57 PM"}
{"level":"error","message":{"method":"POST","responseTime":"136.494","status":"400","url":"/user/userLogin"},"timestamp":"04-07-2025 12:22:41 PM"}
{"level":"error","message":{"method":"POST","responseTime":"116.975","status":"400","url":"/user/userLogin"},"timestamp":"04-07-2025 12:23:01 PM"}
{"level":"info","message":{"method":"POST","responseTime":"222.258","status":"201","url":"/user/userLogin"},"timestamp":"04-07-2025 12:39:53 PM"}
{"level":"info","message":{"method":"POST","responseTime":"175.056","status":"201","url":"/user/userLogin"},"timestamp":"04-07-2025 12:50:13 PM"}
{"level":"info","message":{"method":"GET","responseTime":"343.908","status":"200","url":"/admin/adminViewUserList"},"timestamp":"04-07-2025 12:50:16 PM"}
{"level":"info","message":{"method":"GET","responseTime":"119.028","status":"200","url":"/admin/adminViewRaisedQueries"},"timestamp":"04-07-2025 12:50:19 PM"}
{"level":"info","message":{"method":"POST","responseTime":"33412.209","status":"200","url":"/user/auth/forgot-password"},"timestamp":"04-07-2025 01:25:39 PM"}
{"level":"info","message":{"method":"POST","responseTime":"34324.367","status":"200","url":"/user/auth/forgot-password"},"timestamp":"04-07-2025 01:31:26 PM"}
{"level":"info","message":{"method":"POST","responseTime":"267.192","status":"201","url":"/user/userLogin"},"timestamp":"04-07-2025 01:37:56 PM"}
{"level":"info","message":{"method":"POST","responseTime":"33510.823","status":"200","url":"/user/auth/forgot-password"},"timestamp":"04-07-2025 01:38:34 PM"}
{"level":"info","message":{"method":"POST","responseTime":"34293.055","status":"200","url":"/user/auth/forgot-password"},"timestamp":"04-07-2025 02:09:01 PM"}
{"level":"info","message":{"method":"POST","responseTime":"7.403","status":"200","url":"/user/auth/verify-otp"},"timestamp":"04-07-2025 02:09:32 PM"}
{"level":"info","message":{"method":"POST","responseTime":"598.554","status":"200","url":"/user/auth/reset-password"},"timestamp":"04-07-2025 02:09:47 PM"}
{"level":"info","message":{"method":"POST","responseTime":"351.839","status":"201","url":"/user/userLogin"},"timestamp":"04-07-2025 02:09:58 PM"}
{"level":"info","message":{"method":"POST","responseTime":"310.415","status":"201","url":"/user/userLogin"},"timestamp":"04-07-2025 02:13:16 PM"}
{"level":"info","message":{"method":"GET","responseTime":"213.845","status":"304","url":"/admin/adminViewRaisedQueries"},"timestamp":"15-09-2025 11:09:47 AM"}
{"level":"info","message":{"method":"GET","responseTime":"215.648","status":"304","url":"/admin/adminViewRaisedQueries"},"timestamp":"15-09-2025 11:10:16 AM"}
{"level":"info","message":{"method":"GET","responseTime":"342.021","status":"304","url":"/admin/adminViewRaisedQueries"},"timestamp":"15-09-2025 12:00:55 PM"}
{"level":"error","message":{"method":"POST","responseTime":"2.694","status":"404","url":"/adminAddResponseToQuery/QUERY0169?text=Text"},"timestamp":"15-09-2025 12:04:53 PM"}
{"level":"error","message":{"method":"POST","responseTime":"2.442","status":"404","url":"/adminAddResponseToQuery/QUERY0169?text=Text"},"timestamp":"15-09-2025 12:05:36 PM"}
{"level":"error","message":{"method":"POST","responseTime":"0.521","status":"404","url":"/adminAddResponseToQuery/QUERY0169?text=Text"},"timestamp":"15-09-2025 12:05:38 PM"}
{"level":"error","message":{"method":"POST","responseTime":"1.094","status":"404","url":"/adminAddResponseToQuery/QUERY0169?text=Text"},"timestamp":"15-09-2025 12:07:16 PM"}
{"level":"error","message":{"method":"POST","responseTime":"1.097","status":"404","url":"/adminAddResponseToQuery/QUERY0169?text=Text"},"timestamp":"15-09-2025 12:07:17 PM"}
{"level":"error","message":{"method":"POST","responseTime":"1.293","status":"404","url":"/adminAddResponseToQuery/QUERY0169?text=Text"},"timestamp":"15-09-2025 12:07:18 PM"}
{"level":"error","message":{"method":"POST","responseTime":"0.945","status":"404","url":"/adminAddResponseToQuery/QUERY0169"},"timestamp":"15-09-2025 12:07:35 PM"}
{"level":"error","message":{"method":"POST","responseTime":"0.905","status":"404","url":"/adminAddResponseToQuery/QUERY0169"},"timestamp":"15-09-2025 12:07:36 PM"}
{"level":"error","message":{"method":"POST","responseTime":"0.944","status":"404","url":"/adminAddResponseToQuery/QUERY0169"},"timestamp":"15-09-2025 12:07:38 PM"}
{"level":"error","message":{"method":"POST","responseTime":"1.635","status":"404","url":"/adminAddResponseToQuery/QUERY0169"},"timestamp":"15-09-2025 12:07:41 PM"}
{"level":"error","message":{"method":"POST","responseTime":"0.726","status":"404","url":"/adminAddResponseToQuery/QUERY0169"},"timestamp":"15-09-2025 12:07:55 PM"}
{"level":"error","message":{"method":"POST","responseTime":"0.991","status":"404","url":"/adminAddResponseToQuery/QUERY0169"},"timestamp":"15-09-2025 12:07:56 PM"}
{"level":"error","message":{"method":"POST","responseTime":"0.725","status":"404","url":"/adminAddResponseToQuery/QUERY0169"},"timestamp":"15-09-2025 12:08:22 PM"}
{"level":"error","message":{"method":"POST","responseTime":"1.833","status":"401","url":"/admin/adminAddResponseToQuery/QUERY0169"},"timestamp":"15-09-2025 12:12:12 PM"}
{"level":"error","message":{"method":"POST","responseTime":"1.637","status":"401","url":"/admin/adminAddResponseToQuery/QUERY0169"},"timestamp":"15-09-2025 12:15:43 PM"}
{"level":"error","message":{"method":"POST","responseTime":"1.225","status":"401","url":"/admin/adminAddResponseToQuery/QUERY0169"},"timestamp":"15-09-2025 12:16:46 PM"}
{"level":"error","message":{"method":"POST","responseTime":"1.944","status":"401","url":"/admin/adminAddResponseToQuery/QUERY0169"},"timestamp":"15-09-2025 12:16:47 PM"}
{"level":"info","message":{"method":"GET","responseTime":"238.142","status":"304","url":"/admin/adminViewRaisedQueries"},"timestamp":"15-09-2025 12:19:09 PM"}
{"level":"info","message":{"method":"GET","responseTime":"142.749","status":"200","url":"/user/userGetQueryData/QUERY0180"},"timestamp":"15-09-2025 12:19:21 PM"}
{"level":"info","message":{"method":"GET","responseTime":"326.908","status":"304","url":"/admin/adminViewRaisedQueries"},"timestamp":"15-09-2025 12:19:24 PM"}
{"level":"info","message":{"method":"GET","responseTime":"154.563","status":"200","url":"/user/userGetQueryData/QUERY0184"},"timestamp":"15-09-2025 12:19:30 PM"}
{"level":"info","message":{"method":"GET","responseTime":"184.849","status":"304","url":"/admin/adminViewRaisedQueries"},"timestamp":"15-09-2025 12:19:36 PM"}
{"level":"info","message":{"method":"POST","responseTime":"464.431","status":"201","url":"/user/userLogin"},"timestamp":"15-09-2025 12:22:01 PM"}
{"level":"error","message":{"method":"POST","responseTime":"100.267","status":"400","url":"/admin/adminAddResponseToQuery/QUERY0169"},"timestamp":"15-09-2025 12:22:35 PM"}
{"level":"info","message":{"method":"GET","responseTime":"340.537","status":"304","url":"/admin/adminViewRaisedQueries"},"timestamp":"15-09-2025 12:25:39 PM"}
{"level":"info","message":{"method":"POST","responseTime":"410.162","status":"201","url":"/admin/adminAddResponseToQuery/QUERY0186"},"timestamp":"15-09-2025 12:25:51 PM"}
{"level":"info","message":{"method":"GET","responseTime":"277.293","status":"200","url":"/admin/adminViewRaisedQueries"},"timestamp":"15-09-2025 12:39:06 PM"}
{"level":"info","message":{"method":"GET","responseTime":"164.875","status":"304","url":"/user/userGetQueryData/QUERY0176"},"timestamp":"15-09-2025 12:39:15 PM"}
{"level":"info","message":{"method":"GET","responseTime":"373.916","status":"304","url":"/admin/adminViewRaisedQueries"},"timestamp":"15-09-2025 12:39:18 PM"}
{"level":"info","message":{"method":"GET","responseTime":"169.572","status":"304","url":"/user/userGetQueryData/QUERY0184"},"timestamp":"15-09-2025 12:39:21 PM"}
{"level":"info","message":{"method":"GET","responseTime":"939.711","status":"304","url":"/admin/adminViewRaisedQueries"},"timestamp":"15-09-2025 12:39:24 PM"}
{"level":"info","message":{"method":"GET","responseTime":"173.532","status":"304","url":"/user/userGetQueryData/QUERY0188"},"timestamp":"15-09-2025 12:39:26 PM"}
{"level":"info","message":{"method":"GET","responseTime":"296.010","status":"304","url":"/admin/adminViewRaisedQueries"},"timestamp":"15-09-2025 12:39:29 PM"}
{"level":"info","message":{"method":"GET","responseTime":"1518.661","status":"200","url":"/user/userGetQueryData/QUERY0179"},"timestamp":"15-09-2025 12:39:32 PM"}
{"level":"info","message":{"method":"GET","responseTime":"620.241","status":"304","url":"/user/userGetQueryData/QUERY0179"},"timestamp":"15-09-2025 12:40:43 PM"}
{"level":"info","message":{"method":"GET","responseTime":"187.972","status":"304","url":"/user/userGetQueryData/QUERY0179"},"timestamp":"15-09-2025 12:40:48 PM"}
{"level":"info","message":{"method":"GET","responseTime":"194.385","status":"304","url":"/admin/adminViewRaisedQueries"},"timestamp":"15-09-2025 12:41:04 PM"}
{"level":"info","message":{"method":"GET","responseTime":"565.429","status":"304","url":"/user/userGetQueryData/QUERY0179"},"timestamp":"15-09-2025 12:41:08 PM"}
{"level":"info","message":{"method":"GET","responseTime":"284.460","status":"304","url":"/admin/adminViewRaisedQueries"},"timestamp":"15-09-2025 12:41:16 PM"}
{"level":"info","message":{"method":"GET","responseTime":"549.383","status":"304","url":"/user/userGetQueryData/QUERY0179"},"timestamp":"15-09-2025 12:41:19 PM"}
{"level":"info","message":{"method":"GET","responseTime":"324.558","status":"304","url":"/admin/adminViewRaisedQueries"},"timestamp":"15-09-2025 12:41:26 PM"}
{"level":"info","message":{"method":"GET","responseTime":"516.814","status":"304","url":"/admin/adminViewRaisedQueries"},"timestamp":"15-09-2025 12:43:11 PM"}
{"level":"info","message":{"method":"GET","responseTime":"1166.125","status":"304","url":"/user/userGetQueryData/QUERY0179"},"timestamp":"15-09-2025 12:43:14 PM"}
{"level":"info","message":{"method":"GET","responseTime":"251.441","status":"304","url":"/admin/adminViewRaisedQueries"},"timestamp":"15-09-2025 12:43:18 PM"}
{"level":"info","message":{"method":"GET","responseTime":"147.842","status":"200","url":"/user/userGetQueryData/QUERY0126"},"timestamp":"15-09-2025 12:43:29 PM"}
{"level":"info","message":{"method":"GET","responseTime":"274.313","status":"304","url":"/admin/adminViewRaisedQueries"},"timestamp":"15-09-2025 12:43:34 PM"}
{"level":"info","message":{"method":"GET","responseTime":"100.065","status":"200","url":"/user/userGetQueryData/QUERY0006"},"timestamp":"15-09-2025 12:43:48 PM"}
{"level":"info","message":{"method":"GET","responseTime":"314.243","status":"304","url":"/admin/adminViewRaisedQueries"},"timestamp":"15-09-2025 12:43:53 PM"}
{"level":"info","message":{"method":"GET","responseTime":"65.869","status":"304","url":"/user/userGetQueryData/QUERY0126"},"timestamp":"15-09-2025 12:43:55 PM"}
{"level":"info","message":{"method":"GET","responseTime":"273.448","status":"304","url":"/admin/adminViewRaisedQueries"},"timestamp":"15-09-2025 12:43:57 PM"}
{"level":"info","message":{"method":"GET","responseTime":"536.669","status":"304","url":"/user/userGetQueryData/QUERY0179"},"timestamp":"15-09-2025 12:44:01 PM"}
{"level":"info","message":{"method":"GET","responseTime":"279.841","status":"304","url":"/admin/adminViewRaisedQueries"},"timestamp":"15-09-2025 12:44:04 PM"}
{"level":"info","message":{"method":"GET","responseTime":"331.352","status":"304","url":"/admin/adminViewRaisedQueries"},"timestamp":"15-09-2025 12:44:56 PM"}
{"level":"info","message":{"method":"GET","responseTime":"397.019","status":"200","url":"/user/userGetQueryData/QUERY0186"},"timestamp":"15-09-2025 12:45:02 PM"}
{"level":"info","message":{"method":"GET","responseTime":"313.433","status":"304","url":"/admin/adminViewRaisedQueries"},"timestamp":"15-09-2025 12:45:06 PM"}
{"level":"info","message":{"method":"GET","responseTime":"1660.290","status":"200","url":"/user/userGetQueryData/QUERY0187"},"timestamp":"15-09-2025 12:45:13 PM"}
{"level":"info","message":{"method":"GET","responseTime":"329.534","status":"304","url":"/admin/adminViewRaisedQueries"},"timestamp":"15-09-2025 12:45:23 PM"}
{"level":"info","message":{"method":"GET","responseTime":"1707.764","status":"304","url":"/admin/adminViewRaisedQueries"},"timestamp":"15-09-2025 12:51:50 PM"}
{"level":"info","message":{"method":"GET","responseTime":"442.343","status":"304","url":"/user/userGetQueryData/QUERY0187"},"timestamp":"15-09-2025 12:52:02 PM"}
{"level":"info","message":{"method":"GET","responseTime":"1143.442","status":"304","url":"/user/userGetQueryData/QUERY0187"},"timestamp":"15-09-2025 12:54:03 PM"}
{"level":"info","message":{"method":"GET","responseTime":"345.215","status":"304","url":"/admin/adminViewRaisedQueries"},"timestamp":"15-09-2025 12:54:13 PM"}
{"level":"info","message":{"method":"GET","responseTime":"253.966","status":"304","url":"/admin/adminViewRaisedQueries"},"timestamp":"15-09-2025 12:55:32 PM"}
{"level":"info","message":{"method":"GET","responseTime":"294.788","status":"304","url":"/admin/adminViewRaisedQueries"},"timestamp":"15-09-2025 12:58:20 PM"}
{"level":"info","message":{"method":"GET","responseTime":"663.103","status":"304","url":"/user/userGetQueryData/QUERY0187"},"timestamp":"15-09-2025 12:58:38 PM"}
{"level":"info","message":{"method":"GET","responseTime":"444.295","status":"304","url":"/admin/adminViewRaisedQueries"},"timestamp":"15-09-2025 12:58:42 PM"}
{"level":"info","message":{"method":"GET","responseTime":"505.758","status":"304","url":"/user/userGetQueryData/QUERY0187"},"timestamp":"15-09-2025 12:58:46 PM"}
{"level":"info","message":{"method":"GET","responseTime":"357.210","status":"304","url":"/admin/adminViewRaisedQueries"},"timestamp":"15-09-2025 12:58:57 PM"}
{"level":"info","message":{"method":"GET","responseTime":"140.961","status":"304","url":"/user/userGetQueryData/QUERY0184"},"timestamp":"15-09-2025 12:59:00 PM"}
{"level":"info","message":{"method":"GET","responseTime":"342.439","status":"304","url":"/admin/adminViewRaisedQueries"},"timestamp":"15-09-2025 12:59:04 PM"}
{"level":"info","message":{"method":"GET","responseTime":"750.129","status":"304","url":"/user/userGetQueryData/QUERY0187"},"timestamp":"15-09-2025 12:59:06 PM"}
{"level":"info","message":{"method":"GET","responseTime":"360.266","status":"304","url":"/admin/adminViewRaisedQueries"},"timestamp":"15-09-2025 12:59:08 PM"}
{"level":"info","message":{"method":"GET","responseTime":"226.925","status":"304","url":"/user/userGetQueryData/QUERY0187"},"timestamp":"15-09-2025 12:59:09 PM"}
{"level":"info","message":{"method":"GET","responseTime":"542.929","status":"304","url":"/user/userGetQueryData/QUERY0187"},"timestamp":"15-09-2025 01:03:26 PM"}
{"level":"info","message":{"method":"GET","responseTime":"171.203","status":"304","url":"/user/userGetQueryData/QUERY0187"},"timestamp":"15-09-2025 01:03:28 PM"}
{"level":"info","message":{"method":"GET","responseTime":"496.327","status":"304","url":"/user/userGetQueryData/QUERY0187"},"timestamp":"15-09-2025 01:04:06 PM"}
{"level":"info","message":{"method":"GET","responseTime":"367.223","status":"304","url":"/user/userGetQueryData/QUERY0187"},"timestamp":"15-09-2025 01:04:12 PM"}
{"level":"info","message":{"method":"GET","responseTime":"443.110","status":"304","url":"/user/userGetQueryData/QUERY0187"},"timestamp":"15-09-2025 01:07:13 PM"}
{"level":"info","message":{"method":"GET","responseTime":"275.275","status":"304","url":"/admin/adminViewRaisedQueries"},"timestamp":"15-09-2025 01:08:15 PM"}
{"level":"info","message":{"method":"GET","responseTime":"489.364","status":"304","url":"/user/userGetQueryData/QUERY0187"},"timestamp":"15-09-2025 01:08:17 PM"}
{"level":"info","message":{"method":"POST","responseTime":"552.925","status":"201","url":"/admin/adminManageQueryStatus/QUERY0187/closed"},"timestamp":"15-09-2025 01:08:29 PM"}
{"level":"info","message":{"method":"GET","responseTime":"383.018","status":"200","url":"/admin/adminViewRaisedQueries"},"timestamp":"15-09-2025 01:08:30 PM"}
{"level":"info","message":{"method":"GET","responseTime":"590.137","status":"200","url":"/user/userGetQueryData/QUERY0187"},"timestamp":"15-09-2025 01:12:59 PM"}
{"level":"info","message":{"method":"GET","responseTime":"319.800","status":"304","url":"/admin/adminViewRaisedQueries"},"timestamp":"15-09-2025 01:13:01 PM"}
{"level":"info","message":{"method":"GET","responseTime":"159.003","status":"304","url":"/user/userGetQueryData/QUERY0189"},"timestamp":"15-09-2025 01:13:04 PM"}
{"level":"info","message":{"method":"GET","responseTime":"308.483","status":"304","url":"/admin/adminViewRaisedQueries"},"timestamp":"15-09-2025 01:13:07 PM"}
{"level":"info","message":{"method":"GET","responseTime":"625.054","status":"304","url":"/user/userGetQueryData/QUERY0179"},"timestamp":"15-09-2025 01:13:19 PM"}
{"level":"info","message":{"method":"GET","responseTime":"294.759","status":"304","url":"/admin/adminViewRaisedQueries"},"timestamp":"15-09-2025 01:13:22 PM"}
{"level":"info","message":{"method":"GET","responseTime":"300.442","status":"304","url":"/admin/adminViewRaisedQueries"},"timestamp":"15-09-2025 03:11:02 PM"}
{"level":"info","message":{"method":"GET","responseTime":"689.107","status":"304","url":"/user/userGetQueryData/QUERY0187"},"timestamp":"15-09-2025 03:11:08 PM"}
{"level":"info","message":{"method":"GET","responseTime":"445.452","status":"304","url":"/user/userGetQueryData/QUERY0187"},"timestamp":"15-09-2025 03:20:58 PM"}
{"level":"info","message":{"method":"GET","responseTime":"1838.714","status":"304","url":"/user/userGetQueryData/QUERY0187"},"timestamp":"15-09-2025 04:19:05 PM"}
{"level":"info","message":{"method":"GET","responseTime":"1140.430","status":"304","url":"/admin/adminViewRaisedQueries"},"timestamp":"15-09-2025 04:21:39 PM"}
{"level":"info","message":{"method":"GET","responseTime":"1791.878","status":"304","url":"/admin/adminViewRaisedQueries"},"timestamp":"15-09-2025 04:23:25 PM"}
{"level":"info","message":{"method":"GET","responseTime":"1923.951","status":"304","url":"/user/userGetQueryData/QUERY0187"},"timestamp":"15-09-2025 04:25:04 PM"}
{"level":"info","message":{"method":"GET","responseTime":"1352.740","status":"304","url":"/admin/adminViewRaisedQueries"},"timestamp":"15-09-2025 04:25:10 PM"}
{"level":"info","message":{"method":"GET","responseTime":"2382.538","status":"304","url":"/user/userGetQueryData/QUERY0187"},"timestamp":"15-09-2025 04:25:18 PM"}
{"level":"info","message":{"method":"GET","responseTime":"671.696","status":"304","url":"/admin/adminViewRaisedQueries"},"timestamp":"15-09-2025 04:25:31 PM"}
{"level":"info","message":{"method":"GET","responseTime":"892.174","status":"304","url":"/admin/adminViewRaisedQueries"},"timestamp":"15-09-2025 04:32:45 PM"}
{"level":"info","message":{"method":"GET","responseTime":"1152.695","status":"304","url":"/user/userGetQueryData/QUERY0187"},"timestamp":"15-09-2025 04:32:48 PM"}
{"level":"info","message":{"method":"GET","responseTime":"2661.432","status":"304","url":"/admin/adminViewRaisedQueries"},"timestamp":"15-09-2025 04:32:57 PM"}
{"level":"info","message":{"method":"GET","responseTime":"787.885","status":"304","url":"/user/userGetQueryData/QUERY0187"},"timestamp":"15-09-2025 04:33:02 PM"}
{"level":"info","message":{"method":"GET","responseTime":"1294.876","status":"304","url":"/admin/adminViewRaisedQueries"},"timestamp":"15-09-2025 04:33:09 PM"}
{"level":"info","message":{"method":"GET","responseTime":"1401.576","status":"304","url":"/user/userGetQueryData/QUERY0186"},"timestamp":"15-09-2025 04:33:13 PM"}
{"level":"info","message":{"method":"GET","responseTime":"938.621","status":"304","url":"/admin/adminViewRaisedQueries"},"timestamp":"15-09-2025 04:33:29 PM"}
{"level":"info","message":{"method":"GET","responseTime":"202.963","status":"200","url":"/user/userGetQueryData/QUERY0185"},"timestamp":"15-09-2025 04:50:28 PM"}
{"level":"info","message":{"method":"GET","responseTime":"559.825","status":"304","url":"/admin/adminViewRaisedQueries"},"timestamp":"15-09-2025 04:50:47 PM"}
{"level":"info","message":{"method":"GET","responseTime":"2259.876","status":"304","url":"/user/userGetQueryData/QUERY0187"},"timestamp":"15-09-2025 04:50:54 PM"}
{"level":"info","message":{"method":"GET","responseTime":"-","status":"-","url":"/user/userGetQueryData/QUERY0186"},"timestamp":"15-09-2025 04:56:36 PM"}
{"level":"error","message":{"method":"GET","responseTime":"41007.744","status":"401","url":"/user/userGetQueryData/QUERY0187"},"timestamp":"15-09-2025 04:57:23 PM"}
{"level":"info","message":{"method":"GET","responseTime":"754.361","status":"304","url":"/admin/adminViewRaisedQueries"},"timestamp":"15-09-2025 04:59:48 PM"}
{"level":"info","message":{"method":"GET","responseTime":"1153.078","status":"200","url":"/user/userGetQueryData/QUERY0186"},"timestamp":"15-09-2025 04:59:52 PM"}
{"level":"info","message":{"method":"GET","responseTime":"217.392","status":"304","url":"/admin/adminViewRaisedQueries"},"timestamp":"15-09-2025 04:59:56 PM"}
{"level":"info","message":{"method":"GET","responseTime":"105.781","status":"304","url":"/user/userGetQueryData/QUERY0184"},"timestamp":"15-09-2025 04:59:58 PM"}
{"level":"info","message":{"method":"GET","responseTime":"288.690","status":"304","url":"/admin/adminViewRaisedQueries"},"timestamp":"15-09-2025 05:00:01 PM"}
{"level":"info","message":{"method":"GET","responseTime":"120.856","status":"200","url":"/user/userGetQueryData/QUERY0080"},"timestamp":"15-09-2025 05:00:10 PM"}
{"level":"info","message":{"method":"GET","responseTime":"341.958","status":"304","url":"/admin/adminViewRaisedQueries"},"timestamp":"15-09-2025 05:00:15 PM"}
{"level":"info","message":{"method":"GET","responseTime":"176.845","status":"304","url":"/admin/adminViewRaisedQueries"},"timestamp":"15-09-2025 05:04:51 PM"}
{"level":"info","message":{"method":"GET","responseTime":"1001.401","status":"304","url":"/admin/adminViewRaisedQueries"},"timestamp":"15-09-2025 05:15:22 PM"}
{"level":"info","message":{"method":"GET","responseTime":"748.615","status":"304","url":"/admin/adminViewRaisedQueries"},"timestamp":"15-09-2025 05:19:11 PM"}
{"level":"info","message":{"method":"GET","responseTime":"260.695","status":"304","url":"/admin/adminViewRaisedQueries"},"timestamp":"15-09-2025 05:22:42 PM"}
{"level":"info","message":{"method":"GET","responseTime":"891.113","status":"304","url":"/admin/adminViewRaisedQueries"},"timestamp":"15-09-2025 05:24:42 PM"}
{"level":"info","message":{"method":"GET","responseTime":"116.929","status":"304","url":"/user/userGetQueryData/QUERY0184"},"timestamp":"15-09-2025 05:27:32 PM"}
{"level":"info","message":{"method":"GET","responseTime":"342.871","status":"304","url":"/admin/adminViewRaisedQueries"},"timestamp":"15-09-2025 05:27:42 PM"}
{"level":"info","message":{"method":"GET","responseTime":"79.576","status":"304","url":"/user/userGetQueryData/QUERY0184"},"timestamp":"15-09-2025 05:31:24 PM"}
{"level":"info","message":{"method":"GET","responseTime":"708.161","status":"304","url":"/admin/adminViewRaisedQueries"},"timestamp":"15-09-2025 05:31:27 PM"}
{"level":"info","message":{"method":"GET","responseTime":"113.972","status":"304","url":"/user/userGetQueryData/QUERY0184"},"timestamp":"15-09-2025 05:31:31 PM"}
{"level":"info","message":{"method":"GET","responseTime":"336.610","status":"304","url":"/admin/adminViewRaisedQueries"},"timestamp":"15-09-2025 05:31:39 PM"}
{"level":"info","message":{"method":"GET","responseTime":"40.479","status":"200","url":"/user/userGetQueryData/QUERY0180"},"timestamp":"15-09-2025 05:31:42 PM"}
{"level":"info","message":{"method":"GET","responseTime":"332.981","status":"304","url":"/admin/adminViewRaisedQueries"},"timestamp":"15-09-2025 05:31:44 PM"}
{"level":"info","message":{"method":"GET","responseTime":"553.868","status":"304","url":"/user/userGetQueryData/QUERY0186"},"timestamp":"15-09-2025 05:31:51 PM"}
{"level":"info","message":{"method":"GET","responseTime":"252.016","status":"304","url":"/admin/adminViewRaisedQueries"},"timestamp":"15-09-2025 05:31:59 PM"}
{"level":"info","message":{"method":"POST","responseTime":"467.446","status":"201","url":"/user/userLogin"},"timestamp":"15-09-2025 05:32:27 PM"}
{"level":"error","message":"The AWS Access Key Id you provided does not exist in our records.","method":"POST","stack":"InvalidAccessKeyId: The AWS Access Key Id you provided does not exist in our records.\n    at throwDefaultError (C:\\Users\\HP\\OneDrive\\Desktop\\Vected-Technologies\\support\\Support-System-Backend\\node_modules\\@smithy\\smithy-client\\dist-cjs\\index.js:867:20)\n    at C:\\Users\\HP\\OneDrive\\Desktop\\Vected-Technologies\\support\\Support-System-Backend\\node_modules\\@smithy\\smithy-client\\dist-cjs\\index.js:876:5\n    at de_CommandError (C:\\Users\\HP\\OneDrive\\Desktop\\Vected-Technologies\\support\\Support-System-Backend\\node_modules\\@aws-sdk\\client-s3\\dist-cjs\\index.js:4952:14)\n    at processTicksAndRejections (node:internal/process/task_queues:105:5)\n    at async C:\\Users\\HP\\OneDrive\\Desktop\\Vected-Technologies\\support\\Support-System-Backend\\node_modules\\@smithy\\middleware-serde\\dist-cjs\\index.js:35:20\n    at async C:\\Users\\HP\\OneDrive\\Desktop\\Vected-Technologies\\support\\Support-System-Backend\\node_modules\\@aws-sdk\\middleware-sdk-s3\\dist-cjs\\index.js:484:18\n    at async C:\\Users\\HP\\OneDrive\\Desktop\\Vected-Technologies\\support\\Support-System-Backend\\node_modules\\@smithy\\middleware-retry\\dist-cjs\\index.js:320:38\n    at async C:\\Users\\HP\\OneDrive\\Desktop\\Vected-Technologies\\support\\Support-System-Backend\\node_modules\\@aws-sdk\\middleware-flexible-checksums\\dist-cjs\\index.js:318:18\n    at async C:\\Users\\HP\\OneDrive\\Desktop\\Vected-Technologies\\support\\Support-System-Backend\\node_modules\\@aws-sdk\\middleware-sdk-s3\\dist-cjs\\index.js:110:22\n    at async C:\\Users\\HP\\OneDrive\\Desktop\\Vected-Technologies\\support\\Support-System-Backend\\node_modules\\@aws-sdk\\middleware-sdk-s3\\dist-cjs\\index.js:137:14","status":500,"timestamp":"15-09-2025 05:33:27 PM","url":"/user/userRaiseQuery"}
{"level":"error","message":"The AWS Access Key Id you provided does not exist in our records.","method":"POST","stack":"InvalidAccessKeyId: The AWS Access Key Id you provided does not exist in our records.\n    at throwDefaultError (C:\\Users\\HP\\OneDrive\\Desktop\\Vected-Technologies\\support\\Support-System-Backend\\node_modules\\@smithy\\smithy-client\\dist-cjs\\index.js:867:20)\n    at C:\\Users\\HP\\OneDrive\\Desktop\\Vected-Technologies\\support\\Support-System-Backend\\node_modules\\@smithy\\smithy-client\\dist-cjs\\index.js:876:5\n    at de_CommandError (C:\\Users\\HP\\OneDrive\\Desktop\\Vected-Technologies\\support\\Support-System-Backend\\node_modules\\@aws-sdk\\client-s3\\dist-cjs\\index.js:4952:14)\n    at processTicksAndRejections (node:internal/process/task_queues:105:5)\n    at async C:\\Users\\HP\\OneDrive\\Desktop\\Vected-Technologies\\support\\Support-System-Backend\\node_modules\\@smithy\\middleware-serde\\dist-cjs\\index.js:35:20\n    at async C:\\Users\\HP\\OneDrive\\Desktop\\Vected-Technologies\\support\\Support-System-Backend\\node_modules\\@aws-sdk\\middleware-sdk-s3\\dist-cjs\\index.js:484:18\n    at async C:\\Users\\HP\\OneDrive\\Desktop\\Vected-Technologies\\support\\Support-System-Backend\\node_modules\\@smithy\\middleware-retry\\dist-cjs\\index.js:320:38\n    at async C:\\Users\\HP\\OneDrive\\Desktop\\Vected-Technologies\\support\\Support-System-Backend\\node_modules\\@aws-sdk\\middleware-flexible-checksums\\dist-cjs\\index.js:318:18\n    at async C:\\Users\\HP\\OneDrive\\Desktop\\Vected-Technologies\\support\\Support-System-Backend\\node_modules\\@aws-sdk\\middleware-sdk-s3\\dist-cjs\\index.js:110:22\n    at async C:\\Users\\HP\\OneDrive\\Desktop\\Vected-Technologies\\support\\Support-System-Backend\\node_modules\\@aws-sdk\\middleware-sdk-s3\\dist-cjs\\index.js:137:14","status":500,"timestamp":"15-09-2025 05:33:47 PM","url":"/user/userRaiseQuery"}
{"level":"info","message":{"method":"POST","responseTime":"344.245","status":"200","url":"/user/userRaiseQuery"},"timestamp":"15-09-2025 05:36:15 PM"}
{"level":"info","message":{"method":"GET","responseTime":"49.999","status":"200","url":"/user/userViewMyQueries"},"timestamp":"15-09-2025 05:36:15 PM"}
{"level":"info","message":{"method":"GET","responseTime":"91.954","status":"200","url":"/user/userGetQueryData/QUERY0190"},"timestamp":"15-09-2025 05:36:25 PM"}
{"level":"info","message":{"method":"GET","responseTime":"654.255","status":"200","url":"/admin/adminViewRaisedQueries"},"timestamp":"15-09-2025 05:36:57 PM"}
{"level":"info","message":{"method":"GET","responseTime":"65.760","status":"200","url":"/user/userGetQueryData/QUERY0190"},"timestamp":"15-09-2025 05:37:04 PM"}
{"level":"info","message":{"method":"GET","responseTime":"53.249","status":"304","url":"/user/userGetQueryData/QUERY0190"},"timestamp":"15-09-2025 05:37:56 PM"}
{"level":"info","message":{"method":"GET","responseTime":"453.722","status":"304","url":"/admin/adminViewRaisedQueries"},"timestamp":"15-09-2025 05:38:04 PM"}
{"level":"info","message":{"method":"GET","responseTime":"146.104","status":"304","url":"/user/userGetQueryData/QUERY0190"},"timestamp":"15-09-2025 05:38:08 PM"}
{"level":"info","message":{"method":"GET","responseTime":"68.908","status":"304","url":"/user/userGetQueryData/QUERY0190"},"timestamp":"15-09-2025 05:42:11 PM"}
{"level":"info","message":{"method":"GET","responseTime":"95.416","status":"304","url":"/user/userGetQueryData/QUERY0190"},"timestamp":"15-09-2025 05:44:53 PM"}
{"level":"info","message":{"method":"GET","responseTime":"74.910","status":"304","url":"/user/userGetQueryData/QUERY0190"},"timestamp":"15-09-2025 05:45:11 PM"}
{"level":"info","message":{"method":"GET","responseTime":"68.959","status":"304","url":"/user/userViewMyQueries"},"timestamp":"15-09-2025 05:45:25 PM"}
{"level":"info","message":{"method":"POST","responseTime":"37.483","status":"200","url":"/user/userRaiseQuery"},"timestamp":"15-09-2025 05:45:43 PM"}
{"level":"info","message":{"method":"GET","responseTime":"66.239","status":"304","url":"/user/userViewMyQueries"},"timestamp":"15-09-2025 05:45:43 PM"}
{"level":"info","message":{"method":"GET","responseTime":"48.598","status":"304","url":"/user/userViewMyQueries"},"timestamp":"15-09-2025 05:47:39 PM"}
{"level":"info","message":{"method":"POST","responseTime":"334.325","status":"200","url":"/user/userRaiseQuery"},"timestamp":"15-09-2025 05:47:57 PM"}
{"level":"info","message":{"method":"GET","responseTime":"75.442","status":"200","url":"/user/userViewMyQueries"},"timestamp":"15-09-2025 05:47:57 PM"}
{"level":"info","message":{"method":"GET","responseTime":"373.427","status":"200","url":"/admin/adminViewRaisedQueries"},"timestamp":"15-09-2025 05:48:03 PM"}
{"level":"info","message":{"method":"GET","responseTime":"256.243","status":"304","url":"/admin/adminViewRaisedQueries"},"timestamp":"15-09-2025 05:48:06 PM"}
{"level":"info","message":{"method":"GET","responseTime":"579.968","status":"200","url":"/user/userGetQueryData/QUERY0191"},"timestamp":"15-09-2025 05:48:27 PM"}
{"level":"error","message":{"method":"GET","responseTime":"41.167","status":"500","url":"/user/userViewMyQueries"},"timestamp":"15-09-2025 06:00:34 PM"}
{"level":"info","message":{"method":"GET","responseTime":"391.740","status":"304","url":"/user/userGetQueryData/QUERY0191"},"timestamp":"15-09-2025 06:00:34 PM"}
{"level":"info","message":{"method":"GET","responseTime":"1022.530","status":"304","url":"/admin/adminViewRaisedQueries"},"timestamp":"15-09-2025 06:06:00 PM"}
{"level":"info","message":{"method":"GET","responseTime":"492.946","status":"304","url":"/user/userGetQueryData/QUERY0191"},"timestamp":"15-09-2025 06:06:04 PM"}
{"level":"info","message":{"method":"GET","responseTime":"729.532","status":"304","url":"/admin/adminViewRaisedQueries"},"timestamp":"15-09-2025 06:06:09 PM"}
{"level":"info","message":{"method":"GET","responseTime":"679.044","status":"304","url":"/user/userGetQueryData/QUERY0191"},"timestamp":"15-09-2025 06:15:59 PM"}
{"level":"info","message":{"method":"GET","responseTime":"279.696","status":"304","url":"/admin/adminViewRaisedQueries"},"timestamp":"15-09-2025 06:16:26 PM"}
{"level":"info","message":{"method":"GET","responseTime":"107.315","status":"304","url":"/user/userGetQueryData/QUERY0190"},"timestamp":"15-09-2025 06:16:34 PM"}
{"level":"info","message":{"method":"GET","responseTime":"327.631","status":"304","url":"/admin/adminViewRaisedQueries"},"timestamp":"15-09-2025 06:16:51 PM"}
{"level":"info","message":{"method":"GET","responseTime":"1975.702","status":"304","url":"/admin/adminViewRaisedQueries"},"timestamp":"15-09-2025 06:19:51 PM"}
{"level":"info","message":{"method":"POST","responseTime":"1215.374","status":"200","url":"/user/userRaiseQuery"},"timestamp":"15-09-2025 06:20:28 PM"}
{"level":"info","message":{"method":"GET","responseTime":"109.644","status":"200","url":"/user/userViewMyQueries"},"timestamp":"15-09-2025 06:20:28 PM"}
{"level":"info","message":{"method":"GET","responseTime":"37.215","status":"200","url":"/user/userGetQueryData/QUERY0192"},"timestamp":"15-09-2025 06:20:33 PM"}
{"level":"error","message":{"method":"PUT","responseTime":"59.617","status":"404","url":"/user/admin/adminAddResponseToQuery/QUERY0192"},"timestamp":"15-09-2025 06:20:48 PM"}
{"level":"error","message":{"method":"PUT","responseTime":"10.746","status":"404","url":"/user/admin/adminAddResponseToQuery/QUERY0192"},"timestamp":"15-09-2025 06:21:13 PM"}
{"level":"error","message":{"method":"PUT","responseTime":"15.022","status":"404","url":"/user/admin/adminAddResponseToQuery/QUERY0192"},"timestamp":"15-09-2025 06:23:17 PM"}
{"level":"info","message":{"method":"GET","responseTime":"78.475","status":"304","url":"/user/userGetQueryData/QUERY0192"},"timestamp":"15-09-2025 06:23:20 PM"}
{"level":"error","message":{"method":"PUT","responseTime":"23.531","status":"404","url":"/user/admin/adminAddResponseToQuery/QUERY0192"},"timestamp":"15-09-2025 06:23:30 PM"}
{"level":"info","message":{"method":"GET","responseTime":"225.047","status":"304","url":"/user/userGetQueryData/QUERY0192"},"timestamp":"15-09-2025 06:23:34 PM"}
{"level":"info","message":{"method":"GET","responseTime":"141.452","status":"304","url":"/user/userGetQueryData/QUERY0192"},"timestamp":"15-09-2025 06:23:36 PM"}
{"level":"info","message":{"method":"GET","responseTime":"131.981","status":"304","url":"/user/userViewMyQueries"},"timestamp":"15-09-2025 06:23:47 PM"}
{"level":"info","message":{"method":"POST","responseTime":"463.232","status":"200","url":"/user/userRaiseQuery"},"timestamp":"15-09-2025 06:24:03 PM"}
{"level":"info","message":{"method":"GET","responseTime":"47.945","status":"200","url":"/user/userViewMyQueries"},"timestamp":"15-09-2025 06:24:03 PM"}
{"level":"info","message":{"method":"GET","responseTime":"416.386","status":"200","url":"/admin/adminViewRaisedQueries"},"timestamp":"15-09-2025 06:24:11 PM"}
{"level":"info","message":{"method":"GET","responseTime":"97.677","status":"200","url":"/user/userGetQueryData/QUERY0193"},"timestamp":"15-09-2025 06:24:15 PM"}
{"level":"info","message":{"method":"POST","responseTime":"322.306","status":"200","url":"/user/userRaiseQuery"},"timestamp":"15-09-2025 06:27:34 PM"}
{"level":"info","message":{"method":"GET","responseTime":"85.236","status":"200","url":"/user/userViewMyQueries"},"timestamp":"15-09-2025 06:27:34 PM"}
{"level":"info","message":{"method":"GET","responseTime":"357.308","status":"200","url":"/admin/adminViewRaisedQueries"},"timestamp":"15-09-2025 06:27:42 PM"}
{"level":"info","message":{"method":"GET","responseTime":"133.585","status":"200","url":"/user/userGetQueryData/QUERY0194"},"timestamp":"15-09-2025 06:27:45 PM"}
{"level":"info","message":{"method":"GET","responseTime":"469.957","status":"304","url":"/admin/adminViewRaisedQueries"},"timestamp":"15-09-2025 06:34:42 PM"}
{"level":"info","message":{"method":"GET","responseTime":"272.066","status":"304","url":"/user/userGetQueryData/QUERY0194"},"timestamp":"15-09-2025 06:34:45 PM"}
{"level":"info","message":{"method":"GET","responseTime":"99.718","status":"304","url":"/user/userGetQueryData/QUERY0194"},"timestamp":"15-09-2025 06:35:29 PM"}
{"level":"info","message":{"method":"GET","responseTime":"82.389","status":"304","url":"/user/userGetQueryData/QUERY0194"},"timestamp":"15-09-2025 06:35:33 PM"}
{"level":"info","message":{"method":"GET","responseTime":"67.675","status":"304","url":"/user/userGetQueryData/QUERY0194"},"timestamp":"15-09-2025 06:35:51 PM"}
{"level":"info","message":{"method":"POST","responseTime":"231.291","status":"200","url":"/user/userRaiseQuery"},"timestamp":"15-09-2025 06:36:21 PM"}
{"level":"info","message":{"method":"GET","responseTime":"86.760","status":"200","url":"/user/userViewMyQueries"},"timestamp":"15-09-2025 06:36:21 PM"}
{"level":"info","message":{"method":"GET","responseTime":"67.530","status":"304","url":"/user/userGetQueryData/QUERY0194"},"timestamp":"15-09-2025 06:36:26 PM"}
{"level":"info","message":{"method":"GET","responseTime":"443.592","status":"200","url":"/admin/adminViewRaisedQueries"},"timestamp":"15-09-2025 06:36:28 PM"}
{"level":"info","message":{"method":"GET","responseTime":"51.768","status":"200","url":"/user/userGetQueryData/QUERY0195"},"timestamp":"15-09-2025 06:36:33 PM"}
{"level":"info","message":{"method":"GET","responseTime":"84.175","status":"304","url":"/user/userGetQueryData/QUERY0195"},"timestamp":"15-09-2025 06:39:05 PM"}
{"level":"info","message":{"method":"GET","responseTime":"355.396","status":"304","url":"/user/userGetQueryData/QUERY0195"},"timestamp":"15-09-2025 06:40:31 PM"}
{"level":"info","message":{"method":"GET","responseTime":"324.735","status":"304","url":"/admin/adminViewRaisedQueries"},"timestamp":"15-09-2025 06:40:31 PM"}
{"level":"info","message":{"method":"POST","responseTime":"652.414","status":"200","url":"/user/userRaiseQuery"},"timestamp":"15-09-2025 06:41:14 PM"}
{"level":"info","message":{"method":"GET","responseTime":"169.674","status":"200","url":"/user/userViewMyQueries"},"timestamp":"15-09-2025 06:41:14 PM"}
{"level":"info","message":{"method":"GET","responseTime":"205.773","status":"200","url":"/admin/adminViewRaisedQueries"},"timestamp":"16-09-2025 09:48:10 AM"}
{"level":"info","message":{"method":"GET","responseTime":"81.096","status":"304","url":"/user/userGetQueryData/QUERY0195"},"timestamp":"16-09-2025 09:48:13 AM"}
{"level":"info","message":{"method":"GET","responseTime":"130.433","status":"200","url":"/user/userGetQueryData/QUERY0195"},"timestamp":"16-09-2025 10:14:06 AM"}
{"level":"error","message":"Unexpected field","method":"POST","stack":"MulterError: Unexpected field\n    at wrappedFileFilter (C:\\Users\\HP\\OneDrive\\Desktop\\Vected-Technologies\\support\\Support-System-Backend\\node_modules\\multer\\index.js:40:19)\n    at Multipart.<anonymous> (C:\\Users\\HP\\OneDrive\\Desktop\\Vected-Technologies\\support\\Support-System-Backend\\node_modules\\multer\\lib\\make-middleware.js:109:7)\n    at Multipart.emit (node:events:518:28)\n    at Multipart.emit (node:domain:489:12)\n    at HeaderParser.cb (C:\\Users\\HP\\OneDrive\\Desktop\\Vected-Technologies\\support\\Support-System-Backend\\node_modules\\busboy\\lib\\types\\multipart.js:358:14)\n    at HeaderParser.push (C:\\Users\\HP\\OneDrive\\Desktop\\Vected-Technologies\\support\\Support-System-Backend\\node_modules\\busboy\\lib\\types\\multipart.js:162:20)\n    at SBMH.ssCb [as _cb] (C:\\Users\\HP\\OneDrive\\Desktop\\Vected-Technologies\\support\\Support-System-Backend\\node_modules\\busboy\\lib\\types\\multipart.js:394:37)\n    at feed (C:\\Users\\HP\\OneDrive\\Desktop\\Vected-Technologies\\support\\Support-System-Backend\\node_modules\\streamsearch\\lib\\sbmh.js:248:10)\n    at SBMH.push (C:\\Users\\HP\\OneDrive\\Desktop\\Vected-Technologies\\support\\Support-System-Backend\\node_modules\\streamsearch\\lib\\sbmh.js:104:16)\n    at Multipart._write (C:\\Users\\HP\\OneDrive\\Desktop\\Vected-Technologies\\support\\Support-System-Backend\\node_modules\\busboy\\lib\\types\\multipart.js:567:19)","status":500,"timestamp":"16-09-2025 10:15:06 AM","url":"/user/userRaiseQuery"}
{"level":"error","message":"Unexpected field","method":"POST","stack":"MulterError: Unexpected field\n    at wrappedFileFilter (C:\\Users\\HP\\OneDrive\\Desktop\\Vected-Technologies\\support\\Support-System-Backend\\node_modules\\multer\\index.js:40:19)\n    at Multipart.<anonymous> (C:\\Users\\HP\\OneDrive\\Desktop\\Vected-Technologies\\support\\Support-System-Backend\\node_modules\\multer\\lib\\make-middleware.js:109:7)\n    at Multipart.emit (node:events:518:28)\n    at Multipart.emit (node:domain:489:12)\n    at HeaderParser.cb (C:\\Users\\HP\\OneDrive\\Desktop\\Vected-Technologies\\support\\Support-System-Backend\\node_modules\\busboy\\lib\\types\\multipart.js:358:14)\n    at HeaderParser.push (C:\\Users\\HP\\OneDrive\\Desktop\\Vected-Technologies\\support\\Support-System-Backend\\node_modules\\busboy\\lib\\types\\multipart.js:162:20)\n    at SBMH.ssCb [as _cb] (C:\\Users\\HP\\OneDrive\\Desktop\\Vected-Technologies\\support\\Support-System-Backend\\node_modules\\busboy\\lib\\types\\multipart.js:394:37)\n    at feed (C:\\Users\\HP\\OneDrive\\Desktop\\Vected-Technologies\\support\\Support-System-Backend\\node_modules\\streamsearch\\lib\\sbmh.js:248:10)\n    at SBMH.push (C:\\Users\\HP\\OneDrive\\Desktop\\Vected-Technologies\\support\\Support-System-Backend\\node_modules\\streamsearch\\lib\\sbmh.js:104:16)\n    at Multipart._write (C:\\Users\\HP\\OneDrive\\Desktop\\Vected-Technologies\\support\\Support-System-Backend\\node_modules\\busboy\\lib\\types\\multipart.js:567:19)","status":500,"timestamp":"16-09-2025 10:15:07 AM","url":"/user/userRaiseQuery"}
{"level":"error","message":"Unexpected field","method":"POST","stack":"MulterError: Unexpected field\n    at wrappedFileFilter (C:\\Users\\HP\\OneDrive\\Desktop\\Vected-Technologies\\support\\Support-System-Backend\\node_modules\\multer\\index.js:40:19)\n    at Multipart.<anonymous> (C:\\Users\\HP\\OneDrive\\Desktop\\Vected-Technologies\\support\\Support-System-Backend\\node_modules\\multer\\lib\\make-middleware.js:109:7)\n    at Multipart.emit (node:events:518:28)\n    at Multipart.emit (node:domain:489:12)\n    at HeaderParser.cb (C:\\Users\\HP\\OneDrive\\Desktop\\Vected-Technologies\\support\\Support-System-Backend\\node_modules\\busboy\\lib\\types\\multipart.js:358:14)\n    at HeaderParser.push (C:\\Users\\HP\\OneDrive\\Desktop\\Vected-Technologies\\support\\Support-System-Backend\\node_modules\\busboy\\lib\\types\\multipart.js:162:20)\n    at SBMH.ssCb [as _cb] (C:\\Users\\HP\\OneDrive\\Desktop\\Vected-Technologies\\support\\Support-System-Backend\\node_modules\\busboy\\lib\\types\\multipart.js:394:37)\n    at feed (C:\\Users\\HP\\OneDrive\\Desktop\\Vected-Technologies\\support\\Support-System-Backend\\node_modules\\streamsearch\\lib\\sbmh.js:248:10)\n    at SBMH.push (C:\\Users\\HP\\OneDrive\\Desktop\\Vected-Technologies\\support\\Support-System-Backend\\node_modules\\streamsearch\\lib\\sbmh.js:104:16)\n    at Multipart._write (C:\\Users\\HP\\OneDrive\\Desktop\\Vected-Technologies\\support\\Support-System-Backend\\node_modules\\busboy\\lib\\types\\multipart.js:567:19)","status":500,"timestamp":"16-09-2025 10:15:22 AM","url":"/user/userRaiseQuery"}
{"level":"info","message":{"method":"GET","responseTime":"48.352","status":"304","url":"/user/userGetQueryData/QUERY0195"},"timestamp":"16-09-2025 10:17:27 AM"}
{"level":"error","message":"Unexpected field","method":"POST","stack":"MulterError: Unexpected field\n    at wrappedFileFilter (C:\\Users\\HP\\OneDrive\\Desktop\\Vected-Technologies\\support\\Support-System-Backend\\node_modules\\multer\\index.js:40:19)\n    at Multipart.<anonymous> (C:\\Users\\HP\\OneDrive\\Desktop\\Vected-Technologies\\support\\Support-System-Backend\\node_modules\\multer\\lib\\make-middleware.js:109:7)\n    at Multipart.emit (node:events:518:28)\n    at Multipart.emit (node:domain:489:12)\n    at HeaderParser.cb (C:\\Users\\HP\\OneDrive\\Desktop\\Vected-Technologies\\support\\Support-System-Backend\\node_modules\\busboy\\lib\\types\\multipart.js:358:14)\n    at HeaderParser.push (C:\\Users\\HP\\OneDrive\\Desktop\\Vected-Technologies\\support\\Support-System-Backend\\node_modules\\busboy\\lib\\types\\multipart.js:162:20)\n    at SBMH.ssCb [as _cb] (C:\\Users\\HP\\OneDrive\\Desktop\\Vected-Technologies\\support\\Support-System-Backend\\node_modules\\busboy\\lib\\types\\multipart.js:394:37)\n    at feed (C:\\Users\\HP\\OneDrive\\Desktop\\Vected-Technologies\\support\\Support-System-Backend\\node_modules\\streamsearch\\lib\\sbmh.js:248:10)\n    at SBMH.push (C:\\Users\\HP\\OneDrive\\Desktop\\Vected-Technologies\\support\\Support-System-Backend\\node_modules\\streamsearch\\lib\\sbmh.js:104:16)\n    at Multipart._write (C:\\Users\\HP\\OneDrive\\Desktop\\Vected-Technologies\\support\\Support-System-Backend\\node_modules\\busboy\\lib\\types\\multipart.js:567:19)","status":500,"timestamp":"16-09-2025 10:17:47 AM","url":"/user/userRaiseQuery"}
{"level":"error","message":"Unexpected field","method":"POST","stack":"MulterError: Unexpected field\n    at wrappedFileFilter (C:\\Users\\HP\\OneDrive\\Desktop\\Vected-Technologies\\support\\Support-System-Backend\\node_modules\\multer\\index.js:40:19)\n    at Multipart.<anonymous> (C:\\Users\\HP\\OneDrive\\Desktop\\Vected-Technologies\\support\\Support-System-Backend\\node_modules\\multer\\lib\\make-middleware.js:109:7)\n    at Multipart.emit (node:events:518:28)\n    at Multipart.emit (node:domain:489:12)\n    at HeaderParser.cb (C:\\Users\\HP\\OneDrive\\Desktop\\Vected-Technologies\\support\\Support-System-Backend\\node_modules\\busboy\\lib\\types\\multipart.js:358:14)\n    at HeaderParser.push (C:\\Users\\HP\\OneDrive\\Desktop\\Vected-Technologies\\support\\Support-System-Backend\\node_modules\\busboy\\lib\\types\\multipart.js:162:20)\n    at SBMH.ssCb [as _cb] (C:\\Users\\HP\\OneDrive\\Desktop\\Vected-Technologies\\support\\Support-System-Backend\\node_modules\\busboy\\lib\\types\\multipart.js:394:37)\n    at feed (C:\\Users\\HP\\OneDrive\\Desktop\\Vected-Technologies\\support\\Support-System-Backend\\node_modules\\streamsearch\\lib\\sbmh.js:248:10)\n    at SBMH.push (C:\\Users\\HP\\OneDrive\\Desktop\\Vected-Technologies\\support\\Support-System-Backend\\node_modules\\streamsearch\\lib\\sbmh.js:104:16)\n    at Multipart._write (C:\\Users\\HP\\OneDrive\\Desktop\\Vected-Technologies\\support\\Support-System-Backend\\node_modules\\busboy\\lib\\types\\multipart.js:567:19)","status":500,"timestamp":"16-09-2025 10:17:48 AM","url":"/user/userRaiseQuery"}
{"level":"info","message":{"method":"POST","responseTime":"-","status":"-","url":"/user/userRaiseQuery"},"timestamp":"16-09-2025 10:17:50 AM"}
{"level":"info","message":{"method":"POST","responseTime":"-","status":"-","url":"/user/userRaiseQuery"},"timestamp":"16-09-2025 10:17:50 AM"}
{"level":"info","message":{"method":"POST","responseTime":"-","status":"-","url":"/user/userRaiseQuery"},"timestamp":"16-09-2025 10:17:50 AM"}
{"level":"info","message":{"method":"POST","responseTime":"-","status":"-","url":"/user/userRaiseQuery"},"timestamp":"16-09-2025 10:17:50 AM"}
{"level":"info","message":{"method":"POST","responseTime":"-","status":"-","url":"/user/userRaiseQuery"},"timestamp":"16-09-2025 10:17:50 AM"}
{"level":"error","message":"Unexpected field","method":"POST","stack":"MulterError: Unexpected field\n    at wrappedFileFilter (C:\\Users\\HP\\OneDrive\\Desktop\\Vected-Technologies\\support\\Support-System-Backend\\node_modules\\multer\\index.js:40:19)\n    at Multipart.<anonymous> (C:\\Users\\HP\\OneDrive\\Desktop\\Vected-Technologies\\support\\Support-System-Backend\\node_modules\\multer\\lib\\make-middleware.js:109:7)\n    at Multipart.emit (node:events:518:28)\n    at Multipart.emit (node:domain:489:12)\n    at HeaderParser.cb (C:\\Users\\HP\\OneDrive\\Desktop\\Vected-Technologies\\support\\Support-System-Backend\\node_modules\\busboy\\lib\\types\\multipart.js:358:14)\n    at HeaderParser.push (C:\\Users\\HP\\OneDrive\\Desktop\\Vected-Technologies\\support\\Support-System-Backend\\node_modules\\busboy\\lib\\types\\multipart.js:162:20)\n    at SBMH.ssCb [as _cb] (C:\\Users\\HP\\OneDrive\\Desktop\\Vected-Technologies\\support\\Support-System-Backend\\node_modules\\busboy\\lib\\types\\multipart.js:394:37)\n    at feed (C:\\Users\\HP\\OneDrive\\Desktop\\Vected-Technologies\\support\\Support-System-Backend\\node_modules\\streamsearch\\lib\\sbmh.js:248:10)\n    at SBMH.push (C:\\Users\\HP\\OneDrive\\Desktop\\Vected-Technologies\\support\\Support-System-Backend\\node_modules\\streamsearch\\lib\\sbmh.js:104:16)\n    at Multipart._write (C:\\Users\\HP\\OneDrive\\Desktop\\Vected-Technologies\\support\\Support-System-Backend\\node_modules\\busboy\\lib\\types\\multipart.js:567:19)","status":500,"timestamp":"16-09-2025 10:18:09 AM","url":"/user/userRaiseQuery"}
{"level":"error","message":"Unexpected field","method":"POST","stack":"MulterError: Unexpected field\n    at wrappedFileFilter (C:\\Users\\HP\\OneDrive\\Desktop\\Vected-Technologies\\support\\Support-System-Backend\\node_modules\\multer\\index.js:40:19)\n    at Multipart.<anonymous> (C:\\Users\\HP\\OneDrive\\Desktop\\Vected-Technologies\\support\\Support-System-Backend\\node_modules\\multer\\lib\\make-middleware.js:109:7)\n    at Multipart.emit (node:events:518:28)\n    at Multipart.emit (node:domain:489:12)\n    at HeaderParser.cb (C:\\Users\\HP\\OneDrive\\Desktop\\Vected-Technologies\\support\\Support-System-Backend\\node_modules\\busboy\\lib\\types\\multipart.js:358:14)\n    at HeaderParser.push (C:\\Users\\HP\\OneDrive\\Desktop\\Vected-Technologies\\support\\Support-System-Backend\\node_modules\\busboy\\lib\\types\\multipart.js:162:20)\n    at SBMH.ssCb [as _cb] (C:\\Users\\HP\\OneDrive\\Desktop\\Vected-Technologies\\support\\Support-System-Backend\\node_modules\\busboy\\lib\\types\\multipart.js:394:37)\n    at feed (C:\\Users\\HP\\OneDrive\\Desktop\\Vected-Technologies\\support\\Support-System-Backend\\node_modules\\streamsearch\\lib\\sbmh.js:248:10)\n    at SBMH.push (C:\\Users\\HP\\OneDrive\\Desktop\\Vected-Technologies\\support\\Support-System-Backend\\node_modules\\streamsearch\\lib\\sbmh.js:104:16)\n    at Multipart._write (C:\\Users\\HP\\OneDrive\\Desktop\\Vected-Technologies\\support\\Support-System-Backend\\node_modules\\busboy\\lib\\types\\multipart.js:567:19)","status":500,"timestamp":"16-09-2025 10:18:10 AM","url":"/user/userRaiseQuery"}
{"level":"error","message":"Unexpected field","method":"POST","stack":"MulterError: Unexpected field\n    at wrappedFileFilter (C:\\Users\\HP\\OneDrive\\Desktop\\Vected-Technologies\\support\\Support-System-Backend\\node_modules\\multer\\index.js:40:19)\n    at Multipart.<anonymous> (C:\\Users\\HP\\OneDrive\\Desktop\\Vected-Technologies\\support\\Support-System-Backend\\node_modules\\multer\\lib\\make-middleware.js:109:7)\n    at Multipart.emit (node:events:518:28)\n    at Multipart.emit (node:domain:489:12)\n    at HeaderParser.cb (C:\\Users\\HP\\OneDrive\\Desktop\\Vected-Technologies\\support\\Support-System-Backend\\node_modules\\busboy\\lib\\types\\multipart.js:358:14)\n    at HeaderParser.push (C:\\Users\\HP\\OneDrive\\Desktop\\Vected-Technologies\\support\\Support-System-Backend\\node_modules\\busboy\\lib\\types\\multipart.js:162:20)\n    at SBMH.ssCb [as _cb] (C:\\Users\\HP\\OneDrive\\Desktop\\Vected-Technologies\\support\\Support-System-Backend\\node_modules\\busboy\\lib\\types\\multipart.js:394:37)\n    at feed (C:\\Users\\HP\\OneDrive\\Desktop\\Vected-Technologies\\support\\Support-System-Backend\\node_modules\\streamsearch\\lib\\sbmh.js:248:10)\n    at SBMH.push (C:\\Users\\HP\\OneDrive\\Desktop\\Vected-Technologies\\support\\Support-System-Backend\\node_modules\\streamsearch\\lib\\sbmh.js:104:16)\n    at Multipart._write (C:\\Users\\HP\\OneDrive\\Desktop\\Vected-Technologies\\support\\Support-System-Backend\\node_modules\\busboy\\lib\\types\\multipart.js:567:19)","status":500,"timestamp":"16-09-2025 10:18:11 AM","url":"/user/userRaiseQuery"}
{"level":"info","message":{"method":"POST","responseTime":"1070.659","status":"200","url":"/user/userRaiseQuery"},"timestamp":"16-09-2025 10:28:01 AM"}
{"level":"info","message":{"method":"GET","responseTime":"48.134","status":"200","url":"/user/userViewMyQueries"},"timestamp":"16-09-2025 10:28:01 AM"}
{"level":"info","message":{"method":"GET","responseTime":"52.225","status":"304","url":"/user/userGetQueryData/QUERY0195"},"timestamp":"16-09-2025 10:28:51 AM"}
{"level":"info","message":{"method":"GET","responseTime":"250.124","status":"200","url":"/admin/adminViewRaisedQueries"},"timestamp":"16-09-2025 10:28:53 AM"}
{"level":"info","message":{"method":"GET","responseTime":"43.317","status":"200","url":"/user/userGetQueryData/QUERY0197"},"timestamp":"16-09-2025 10:29:01 AM"}
{"level":"info","message":{"method":"GET","responseTime":"93.427","status":"304","url":"/user/userGetQueryData/QUERY0197"},"timestamp":"16-09-2025 10:31:54 AM"}
{"level":"info","message":{"method":"GET","responseTime":"36.727","status":"304","url":"/user/userGetQueryData/QUERY0197"},"timestamp":"16-09-2025 10:32:29 AM"}
{"level":"info","message":{"method":"GET","responseTime":"161.914","status":"304","url":"/admin/adminViewRaisedQueries"},"timestamp":"16-09-2025 10:32:32 AM"}
{"level":"info","message":{"method":"GET","responseTime":"74.976","status":"200","url":"/user/userGetQueryData/QUERY0196"},"timestamp":"16-09-2025 10:32:38 AM"}
{"level":"info","message":{"method":"GET","responseTime":"37.340","status":"304","url":"/user/userGetQueryData/QUERY0196"},"timestamp":"16-09-2025 10:33:06 AM"}
{"level":"info","message":{"method":"GET","responseTime":"126.299","status":"304","url":"/admin/adminViewRaisedQueries"},"timestamp":"16-09-2025 10:33:07 AM"}
{"level":"info","message":{"method":"GET","responseTime":"132.760","status":"304","url":"/admin/adminViewRaisedQueries"},"timestamp":"16-09-2025 10:33:10 AM"}
{"level":"info","message":{"method":"GET","responseTime":"64.020","status":"304","url":"/user/userGetQueryData/QUERY0197"},"timestamp":"16-09-2025 10:33:14 AM"}
{"level":"info","message":{"method":"GET","responseTime":"123.859","status":"304","url":"/admin/adminViewRaisedQueries"},"timestamp":"16-09-2025 10:35:56 AM"}
{"level":"info","message":{"method":"GET","responseTime":"37.748","status":"304","url":"/user/userGetQueryData/QUERY0197"},"timestamp":"16-09-2025 10:36:10 AM"}
{"level":"info","message":{"method":"GET","responseTime":"130.533","status":"304","url":"/admin/adminViewRaisedQueries"},"timestamp":"16-09-2025 10:36:29 AM"}
{"level":"info","message":{"method":"GET","responseTime":"34.431","status":"304","url":"/user/userGetQueryData/QUERY0196"},"timestamp":"16-09-2025 10:36:33 AM"}
{"level":"info","message":{"method":"POST","responseTime":"447.548","status":"200","url":"/user/userRaiseQuery"},"timestamp":"16-09-2025 10:39:05 AM"}
{"level":"info","message":{"method":"GET","responseTime":"35.545","status":"200","url":"/user/userViewMyQueries"},"timestamp":"16-09-2025 10:39:05 AM"}
{"level":"info","message":{"method":"GET","responseTime":"141.465","status":"200","url":"/admin/adminViewRaisedQueries"},"timestamp":"16-09-2025 10:39:16 AM"}
{"level":"info","message":{"method":"GET","responseTime":"40.689","status":"200","url":"/user/userGetQueryData/QUERY0198"},"timestamp":"16-09-2025 10:39:19 AM"}
{"level":"info","message":{"method":"PUT","responseTime":"245.298","status":"200","url":"/user/attachment/QUERY0198/deleteAttachment"},"timestamp":"16-09-2025 10:40:23 AM"}
{"level":"info","message":{"method":"GET","responseTime":"30.990","status":"304","url":"/user/userGetQueryData/QUERY0198"},"timestamp":"16-09-2025 10:40:23 AM"}
{"level":"info","message":{"method":"GET","responseTime":"43.660","status":"304","url":"/user/userGetQueryData/QUERY0198"},"timestamp":"16-09-2025 10:42:40 AM"}
{"level":"info","message":{"method":"GET","responseTime":"40.584","status":"304","url":"/user/userGetQueryData/QUERY0198"},"timestamp":"16-09-2025 10:42:47 AM"}
{"level":"info","message":{"method":"GET","responseTime":"82.293","status":"304","url":"/user/userGetQueryData/QUERY0198"},"timestamp":"16-09-2025 10:43:28 AM"}
{"level":"info","message":{"method":"GET","responseTime":"34.533","status":"304","url":"/user/userGetQueryData/QUERY0198"},"timestamp":"16-09-2025 10:44:08 AM"}
{"level":"info","message":{"method":"GET","responseTime":"33.031","status":"304","url":"/user/userGetQueryData/QUERY0198"},"timestamp":"16-09-2025 10:44:32 AM"}
{"level":"info","message":{"method":"GET","responseTime":"40.805","status":"304","url":"/user/userGetQueryData/QUERY0198"},"timestamp":"16-09-2025 10:45:12 AM"}
{"level":"info","message":{"method":"GET","responseTime":"83.091","status":"304","url":"/user/userGetQueryData/QUERY0198"},"timestamp":"16-09-2025 10:46:18 AM"}
{"level":"info","message":{"method":"GET","responseTime":"37.690","status":"304","url":"/user/userGetQueryData/QUERY0198"},"timestamp":"16-09-2025 10:46:55 AM"}
{"level":"info","message":{"method":"GET","responseTime":"192.539","status":"304","url":"/admin/adminViewRaisedQueries"},"timestamp":"16-09-2025 10:47:02 AM"}
{"level":"info","message":{"method":"GET","responseTime":"262.081","status":"304","url":"/admin/adminViewRaisedQueries"},"timestamp":"16-09-2025 10:47:04 AM"}
{"level":"info","message":{"method":"GET","responseTime":"41.263","status":"304","url":"/user/userGetQueryData/QUERY0196"},"timestamp":"16-09-2025 10:47:09 AM"}
{"level":"info","message":{"method":"GET","responseTime":"125.550","status":"304","url":"/admin/adminViewRaisedQueries"},"timestamp":"16-09-2025 10:47:12 AM"}
{"level":"info","message":{"method":"GET","responseTime":"64.741","status":"200","url":"/user/userGetQueryData/QUERY0191"},"timestamp":"16-09-2025 10:47:16 AM"}
{"level":"error","message":{"method":"GET","responseTime":"19263.944","status":"500","url":"/admin/adminViewRaisedQueries"},"timestamp":"16-09-2025 10:47:44 AM"}
{"level":"info","message":{"method":"GET","responseTime":"-","status":"-","url":"/admin/adminViewRaisedQueries"},"timestamp":"16-09-2025 10:47:56 AM"}
{"level":"info","message":{"method":"GET","responseTime":"424.995","status":"200","url":"/admin/adminViewRaisedQueries"},"timestamp":"16-09-2025 10:48:54 AM"}
{"level":"info","message":{"method":"GET","responseTime":"126.964","status":"304","url":"/user/userGetQueryData/QUERY0198"},"timestamp":"16-09-2025 10:48:59 AM"}
{"level":"info","message":{"method":"GET","responseTime":"111.965","status":"304","url":"/user/userGetQueryData/QUERY0198"},"timestamp":"16-09-2025 10:49:15 AM"}
{"level":"info","message":{"method":"GET","responseTime":"70.930","status":"304","url":"/user/userGetQueryData/QUERY0198"},"timestamp":"16-09-2025 10:49:17 AM"}
{"level":"info","message":{"method":"GET","responseTime":"456.833","status":"304","url":"/admin/adminViewRaisedQueries"},"timestamp":"16-09-2025 10:49:20 AM"}
{"level":"info","message":{"method":"GET","responseTime":"211.489","status":"304","url":"/user/userGetQueryData/QUERY0198"},"timestamp":"16-09-2025 10:49:22 AM"}
{"level":"info","message":{"method":"GET","responseTime":"137.124","status":"304","url":"/user/userGetQueryData/QUERY0198"},"timestamp":"16-09-2025 10:49:25 AM"}
{"level":"info","message":{"method":"GET","responseTime":"450.746","status":"304","url":"/admin/adminViewRaisedQueries"},"timestamp":"16-09-2025 10:49:34 AM"}
{"level":"info","message":{"method":"GET","responseTime":"178.024","status":"304","url":"/user/userGetQueryData/QUERY0198"},"timestamp":"16-09-2025 10:49:36 AM"}
{"level":"info","message":{"method":"PUT","responseTime":"1269.092","status":"200","url":"/user/attachment/QUERY0198/deleteAttachment"},"timestamp":"16-09-2025 10:49:40 AM"}
{"level":"info","message":{"method":"GET","responseTime":"279.332","status":"304","url":"/user/userGetQueryData/QUERY0198"},"timestamp":"16-09-2025 10:49:41 AM"}
{"level":"info","message":{"method":"GET","responseTime":"304.351","status":"304","url":"/admin/adminViewRaisedQueries"},"timestamp":"16-09-2025 10:49:44 AM"}
{"level":"info","message":{"method":"GET","responseTime":"223.482","status":"304","url":"/admin/adminViewRaisedQueries"},"timestamp":"16-09-2025 10:49:50 AM"}
{"level":"info","message":{"method":"GET","responseTime":"130.866","status":"304","url":"/user/userGetQueryData/QUERY0197"},"timestamp":"16-09-2025 10:50:05 AM"}
{"level":"info","message":{"method":"GET","responseTime":"283.070","status":"304","url":"/admin/adminViewRaisedQueries"},"timestamp":"16-09-2025 10:50:11 AM"}
{"level":"info","message":{"method":"GET","responseTime":"129.565","status":"200","url":"/user/userGetQueryData/QUERY0194"},"timestamp":"16-09-2025 10:50:13 AM"}
{"level":"info","message":{"method":"GET","responseTime":"50.350","status":"304","url":"/user/userGetQueryData/QUERY0194"},"timestamp":"16-09-2025 10:51:57 AM"}
{"level":"info","message":{"method":"GET","responseTime":"240.927","status":"304","url":"/admin/adminViewRaisedQueries"},"timestamp":"16-09-2025 10:52:02 AM"}
{"level":"info","message":{"method":"GET","responseTime":"160.017","status":"304","url":"/admin/adminViewRaisedQueries"},"timestamp":"16-09-2025 10:52:04 AM"}
{"level":"info","message":{"method":"GET","responseTime":"107.895","status":"304","url":"/user/userGetQueryData/QUERY0197"},"timestamp":"16-09-2025 10:52:07 AM"}
{"level":"info","message":{"method":"GET","responseTime":"262.460","status":"304","url":"/admin/adminViewRaisedQueries"},"timestamp":"16-09-2025 10:52:09 AM"}
{"level":"info","message":{"method":"GET","responseTime":"123.731","status":"200","url":"/user/userGetQueryData/QUERY0193"},"timestamp":"16-09-2025 10:52:12 AM"}
{"level":"info","message":{"method":"GET","responseTime":"599.549","status":"304","url":"/user/userGetQueryData/QUERY0193"},"timestamp":"16-09-2025 10:57:21 AM"}
{"level":"info","message":{"method":"GET","responseTime":"155.878","status":"304","url":"/admin/adminViewRaisedQueries"},"timestamp":"16-09-2025 10:57:25 AM"}
{"level":"info","message":{"method":"GET","responseTime":"41.797","status":"304","url":"/user/userGetQueryData/QUERY0195"},"timestamp":"16-09-2025 10:57:28 AM"}
{"level":"info","message":{"method":"GET","responseTime":"169.211","status":"304","url":"/admin/adminViewRaisedQueries"},"timestamp":"16-09-2025 10:57:31 AM"}
{"level":"info","message":{"method":"GET","responseTime":"77.178","status":"304","url":"/user/userGetQueryData/QUERY0198"},"timestamp":"16-09-2025 11:02:45 AM"}
{"level":"info","message":{"method":"PUT","responseTime":"1182.539","status":"200","url":"/user/attachment/QUERY0198/deleteAttachment"},"timestamp":"16-09-2025 11:02:55 AM"}
{"level":"info","message":{"method":"GET","responseTime":"231.692","status":"304","url":"/user/userGetQueryData/QUERY0198"},"timestamp":"16-09-2025 11:02:55 AM"}
{"level":"info","message":{"method":"GET","responseTime":"534.710","status":"304","url":"/admin/adminViewRaisedQueries"},"timestamp":"16-09-2025 11:02:58 AM"}
{"level":"info","message":{"method":"GET","responseTime":"152.992","status":"304","url":"/user/userGetQueryData/QUERY0197"},"timestamp":"16-09-2025 11:03:01 AM"}
{"level":"info","message":{"method":"GET","responseTime":"597.496","status":"304","url":"/admin/adminViewRaisedQueries"},"timestamp":"16-09-2025 11:03:04 AM"}
{"level":"info","message":{"method":"GET","responseTime":"109.098","status":"200","url":"/user/userGetQueryData/QUERY0186"},"timestamp":"16-09-2025 11:03:09 AM"}
{"level":"info","message":{"method":"GET","responseTime":"272.951","status":"304","url":"/admin/adminViewRaisedQueries"},"timestamp":"16-09-2025 11:03:28 AM"}
{"level":"info","message":{"method":"GET","responseTime":"49.270","status":"304","url":"/user/userGetQueryData/QUERY0180"},"timestamp":"16-09-2025 11:03:32 AM"}
{"level":"info","message":{"method":"GET","responseTime":"189.149","status":"304","url":"/admin/adminViewRaisedQueries"},"timestamp":"16-09-2025 11:04:01 AM"}
{"level":"info","message":{"method":"GET","responseTime":"94.278","status":"304","url":"/user/userGetQueryData/QUERY0186"},"timestamp":"16-09-2025 11:04:04 AM"}
{"level":"info","message":{"method":"GET","responseTime":"50.374","status":"304","url":"/user/userGetQueryData/QUERY0186"},"timestamp":"16-09-2025 11:05:17 AM"}
{"level":"info","message":{"method":"GET","responseTime":"262.755","status":"304","url":"/admin/adminViewRaisedQueries"},"timestamp":"16-09-2025 11:05:18 AM"}
{"level":"info","message":{"method":"GET","responseTime":"209.174","status":"304","url":"/admin/adminViewRaisedQueries"},"timestamp":"16-09-2025 11:05:20 AM"}
{"level":"info","message":{"method":"GET","responseTime":"66.376","status":"304","url":"/user/userGetQueryData/QUERY0186"},"timestamp":"16-09-2025 11:05:23 AM"}
{"level":"info","message":{"method":"GET","responseTime":"282.127","status":"304","url":"/admin/adminViewRaisedQueries"},"timestamp":"16-09-2025 11:05:25 AM"}
{"level":"info","message":{"method":"GET","responseTime":"59.761","status":"304","url":"/user/userGetQueryData/QUERY0186"},"timestamp":"16-09-2025 11:05:32 AM"}
{"level":"info","message":{"method":"GET","responseTime":"375.487","status":"304","url":"/admin/adminViewRaisedQueries"},"timestamp":"16-09-2025 11:05:41 AM"}
{"level":"info","message":{"method":"GET","responseTime":"63.721","status":"304","url":"/user/userGetQueryData/QUERY0186"},"timestamp":"16-09-2025 11:05:44 AM"}
{"level":"info","message":{"method":"GET","responseTime":"98.657","status":"304","url":"/user/userGetQueryData/QUERY0186"},"timestamp":"16-09-2025 11:06:11 AM"}
{"level":"info","message":{"method":"GET","responseTime":"323.571","status":"304","url":"/admin/adminViewRaisedQueries"},"timestamp":"16-09-2025 11:06:12 AM"}
{"level":"info","message":{"method":"GET","responseTime":"122.924","status":"304","url":"/user/userGetQueryData/QUERY0186"},"timestamp":"16-09-2025 11:06:19 AM"}
{"level":"info","message":{"method":"GET","responseTime":"80.536","status":"304","url":"/user/userGetQueryData/QUERY0186"},"timestamp":"16-09-2025 11:08:55 AM"}
{"level":"info","message":{"method":"GET","responseTime":"323.095","status":"304","url":"/admin/adminViewRaisedQueries"},"timestamp":"16-09-2025 11:09:02 AM"}
{"level":"info","message":{"method":"GET","responseTime":"145.621","status":"304","url":"/user/userGetQueryData/QUERY0186"},"timestamp":"16-09-2025 11:09:03 AM"}
{"level":"info","message":{"method":"GET","responseTime":"254.157","status":"304","url":"/admin/adminViewRaisedQueries"},"timestamp":"16-09-2025 11:09:05 AM"}
{"level":"info","message":{"method":"GET","responseTime":"255.368","status":"304","url":"/admin/adminViewRaisedQueries"},"timestamp":"16-09-2025 11:09:07 AM"}
{"level":"info","message":{"method":"GET","responseTime":"130.825","status":"304","url":"/user/userGetQueryData/QUERY0186"},"timestamp":"16-09-2025 11:09:08 AM"}
{"level":"info","message":{"method":"GET","responseTime":"355.928","status":"304","url":"/admin/adminViewRaisedQueries"},"timestamp":"16-09-2025 11:09:11 AM"}
{"level":"info","message":{"method":"GET","responseTime":"133.111","status":"304","url":"/user/userGetQueryData/QUERY0197"},"timestamp":"16-09-2025 11:09:13 AM"}
{"level":"info","message":{"method":"GET","responseTime":"341.336","status":"304","url":"/admin/adminViewRaisedQueries"},"timestamp":"16-09-2025 11:09:18 AM"}
{"level":"info","message":{"method":"GET","responseTime":"132.032","status":"304","url":"/user/userGetQueryData/QUERY0186"},"timestamp":"16-09-2025 11:10:46 AM"}
{"level":"info","message":{"method":"POST","responseTime":"403.909","status":"201","url":"/admin/adminManageQueryStatus/QUERY0186/closed"},"timestamp":"16-09-2025 11:10:52 AM"}
{"level":"info","message":{"method":"GET","responseTime":"216.626","status":"200","url":"/admin/adminViewRaisedQueries"},"timestamp":"16-09-2025 11:10:52 AM"}
{"level":"info","message":{"method":"GET","responseTime":"189.717","status":"200","url":"/user/userGetQueryData/QUERY0186"},"timestamp":"16-09-2025 11:10:55 AM"}
{"level":"info","message":{"method":"GET","responseTime":"524.208","status":"304","url":"/admin/adminViewRaisedQueries"},"timestamp":"16-09-2025 11:11:03 AM"}
{"level":"info","message":{"method":"GET","responseTime":"325.118","status":"304","url":"/admin/adminViewRaisedQueries"},"timestamp":"16-09-2025 11:12:07 AM"}
{"level":"info","message":{"method":"GET","responseTime":"61.659","status":"304","url":"/user/userGetQueryData/QUERY0186"},"timestamp":"16-09-2025 11:12:09 AM"}
{"level":"info","message":{"method":"GET","responseTime":"171.197","status":"304","url":"/admin/adminViewRaisedQueries"},"timestamp":"16-09-2025 11:12:11 AM"}
{"level":"info","message":{"method":"GET","responseTime":"95.170","status":"304","url":"/user/userGetQueryData/QUERY0197"},"timestamp":"16-09-2025 11:12:15 AM"}
{"level":"info","message":{"method":"GET","responseTime":"233.009","status":"304","url":"/admin/adminViewRaisedQueries"},"timestamp":"16-09-2025 11:12:17 AM"}
{"level":"info","message":{"method":"GET","responseTime":"36.334","status":"304","url":"/user/userGetQueryData/QUERY0186"},"timestamp":"16-09-2025 11:12:20 AM"}
{"level":"info","message":{"method":"GET","responseTime":"205.834","status":"304","url":"/admin/adminViewRaisedQueries"},"timestamp":"16-09-2025 11:12:23 AM"}
{"level":"info","message":{"method":"GET","responseTime":"40.328","status":"304","url":"/user/userGetQueryData/QUERY0186"},"timestamp":"16-09-2025 11:16:50 AM"}
{"level":"info","message":{"method":"GET","responseTime":"112.847","status":"304","url":"/user/userGetQueryData/QUERY0186"},"timestamp":"16-09-2025 11:16:52 AM"}
{"level":"info","message":{"method":"GET","responseTime":"195.578","status":"304","url":"/admin/adminViewRaisedQueries"},"timestamp":"16-09-2025 11:16:54 AM"}
{"level":"info","message":{"method":"GET","responseTime":"203.266","status":"304","url":"/admin/adminViewRaisedQueries"},"timestamp":"16-09-2025 11:17:09 AM"}
{"level":"info","message":{"method":"GET","responseTime":"95.051","status":"304","url":"/user/userGetQueryData/QUERY0186"},"timestamp":"16-09-2025 11:17:11 AM"}
{"level":"info","message":{"method":"GET","responseTime":"243.844","status":"304","url":"/admin/adminViewRaisedQueries"},"timestamp":"16-09-2025 11:17:19 AM"}
{"level":"info","message":{"method":"GET","responseTime":"43.867","status":"304","url":"/user/userGetQueryData/QUERY0197"},"timestamp":"16-09-2025 11:17:21 AM"}
{"level":"info","message":{"method":"GET","responseTime":"215.576","status":"304","url":"/admin/adminViewRaisedQueries"},"timestamp":"16-09-2025 11:17:23 AM"}
{"level":"info","message":{"method":"GET","responseTime":"143.351","status":"304","url":"/user/userGetQueryData/QUERY0180"},"timestamp":"16-09-2025 11:17:26 AM"}
{"level":"info","message":{"method":"GET","responseTime":"274.397","status":"304","url":"/admin/adminViewRaisedQueries"},"timestamp":"16-09-2025 11:17:28 AM"}
{"level":"info","message":{"method":"GET","responseTime":"63.743","status":"304","url":"/user/userGetQueryData/QUERY0197"},"timestamp":"16-09-2025 11:17:29 AM"}
{"level":"info","message":{"method":"GET","responseTime":"261.561","status":"304","url":"/admin/adminViewRaisedQueries"},"timestamp":"16-09-2025 11:17:31 AM"}
{"level":"info","message":{"method":"GET","responseTime":"135.807","status":"304","url":"/user/userGetQueryData/QUERY0197"},"timestamp":"16-09-2025 11:17:32 AM"}
{"level":"info","message":{"method":"GET","responseTime":"129.981","status":"304","url":"/admin/adminViewRaisedQueries"},"timestamp":"16-09-2025 11:17:34 AM"}
{"level":"info","message":{"method":"GET","responseTime":"83.194","status":"304","url":"/user/userGetQueryData/QUERY0186"},"timestamp":"16-09-2025 11:17:36 AM"}
{"level":"info","message":{"method":"GET","responseTime":"108.764","status":"304","url":"/user/userGetQueryData/QUERY0186"},"timestamp":"16-09-2025 11:19:22 AM"}
{"level":"info","message":{"method":"GET","responseTime":"35.795","status":"304","url":"/user/userGetQueryData/QUERY0186"},"timestamp":"16-09-2025 11:19:40 AM"}
{"level":"info","message":{"method":"GET","responseTime":"303.939","status":"304","url":"/admin/adminViewRaisedQueries"},"timestamp":"16-09-2025 11:19:48 AM"}
{"level":"info","message":{"method":"GET","responseTime":"133.484","status":"304","url":"/user/userGetQueryData/QUERY0186"},"timestamp":"16-09-2025 11:19:49 AM"}
{"level":"info","message":{"method":"GET","responseTime":"41.250","status":"304","url":"/user/userGetQueryData/QUERY0186"},"timestamp":"16-09-2025 11:25:40 AM"}
{"level":"info","message":{"method":"GET","responseTime":"40.171","status":"304","url":"/user/userGetQueryData/QUERY0186"},"timestamp":"16-09-2025 11:25:53 AM"}
{"level":"info","message":{"method":"GET","responseTime":"142.360","status":"304","url":"/user/userGetQueryData/QUERY0186"},"timestamp":"16-09-2025 11:26:04 AM"}
{"level":"info","message":{"method":"GET","responseTime":"115.977","status":"304","url":"/user/userGetQueryData/QUERY0186"},"timestamp":"16-09-2025 11:26:07 AM"}
{"level":"info","message":{"method":"GET","responseTime":"47.474","status":"304","url":"/user/userGetQueryData/QUERY0186"},"timestamp":"16-09-2025 11:26:15 AM"}
{"level":"info","message":{"method":"GET","responseTime":"78.698","status":"304","url":"/user/userGetQueryData/QUERY0186"},"timestamp":"16-09-2025 11:27:00 AM"}
{"level":"info","message":{"method":"GET","responseTime":"279.186","status":"304","url":"/admin/adminViewRaisedQueries"},"timestamp":"16-09-2025 11:28:37 AM"}
{"level":"info","message":{"method":"GET","responseTime":"113.522","status":"304","url":"/user/userGetQueryData/QUERY0186"},"timestamp":"16-09-2025 11:28:39 AM"}
{"level":"info","message":{"method":"GET","responseTime":"205.836","status":"304","url":"/admin/adminViewRaisedQueries"},"timestamp":"16-09-2025 11:28:43 AM"}
{"level":"info","message":{"method":"GET","responseTime":"58.319","status":"304","url":"/user/userGetQueryData/QUERY0186"},"timestamp":"16-09-2025 11:28:50 AM"}
{"level":"info","message":{"method":"GET","responseTime":"304.773","status":"304","url":"/admin/adminViewRaisedQueries"},"timestamp":"16-09-2025 11:28:54 AM"}
{"level":"info","message":{"method":"GET","responseTime":"108.881","status":"304","url":"/user/userGetQueryData/QUERY0197"},"timestamp":"16-09-2025 11:28:55 AM"}
{"level":"info","message":{"method":"GET","responseTime":"98.658","status":"304","url":"/user/userGetQueryData/QUERY0197"},"timestamp":"16-09-2025 11:30:35 AM"}
{"level":"info","message":{"method":"GET","responseTime":"65.377","status":"304","url":"/user/userGetQueryData/QUERY0197"},"timestamp":"16-09-2025 11:30:37 AM"}
{"level":"info","message":{"method":"GET","responseTime":"264.023","status":"304","url":"/admin/adminViewRaisedQueries"},"timestamp":"16-09-2025 11:30:40 AM"}
{"level":"info","message":{"method":"GET","responseTime":"54.307","status":"304","url":"/user/userGetQueryData/QUERY0197"},"timestamp":"16-09-2025 11:30:42 AM"}
{"level":"info","message":{"method":"GET","responseTime":"542.059","status":"304","url":"/admin/adminViewRaisedQueries"},"timestamp":"16-09-2025 11:30:45 AM"}
{"level":"info","message":{"method":"GET","responseTime":"400.584","status":"304","url":"/user/userGetQueryData/QUERY0186"},"timestamp":"16-09-2025 11:30:56 AM"}
{"level":"info","message":{"method":"GET","responseTime":"731.075","status":"304","url":"/admin/adminViewRaisedQueries"},"timestamp":"16-09-2025 11:31:34 AM"}
{"level":"info","message":{"method":"GET","responseTime":"124.669","status":"304","url":"/user/userGetQueryData/QUERY0186"},"timestamp":"16-09-2025 11:31:38 AM"}
{"level":"info","message":{"method":"GET","responseTime":"549.510","status":"304","url":"/admin/adminViewRaisedQueries"},"timestamp":"16-09-2025 11:31:49 AM"}
{"level":"info","message":{"method":"GET","responseTime":"103.439","status":"304","url":"/user/userGetQueryData/QUERY0197"},"timestamp":"16-09-2025 11:31:51 AM"}
{"level":"info","message":{"method":"GET","responseTime":"38.322","status":"304","url":"/user/userGetQueryData/QUERY0197"},"timestamp":"16-09-2025 11:33:00 AM"}
{"level":"info","message":{"method":"GET","responseTime":"410.263","status":"304","url":"/admin/adminViewRaisedQueries"},"timestamp":"16-09-2025 11:33:05 AM"}
{"level":"info","message":{"method":"GET","responseTime":"55.616","status":"304","url":"/user/userGetQueryData/QUERY0186"},"timestamp":"16-09-2025 11:33:08 AM"}
{"level":"info","message":{"method":"GET","responseTime":"40.074","status":"304","url":"/user/userGetQueryData/QUERY0186"},"timestamp":"16-09-2025 11:33:51 AM"}
{"level":"info","message":{"method":"GET","responseTime":"448.549","status":"304","url":"/admin/adminViewRaisedQueries"},"timestamp":"16-09-2025 11:33:55 AM"}
{"level":"info","message":{"method":"POST","responseTime":"1009.543","status":"200","url":"/user/userRaiseQuery"},"timestamp":"16-09-2025 11:36:37 AM"}
{"level":"info","message":{"method":"GET","responseTime":"348.712","status":"200","url":"/user/userViewMyQueries"},"timestamp":"16-09-2025 11:36:37 AM"}
{"level":"info","message":{"method":"GET","responseTime":"274.885","status":"200","url":"/admin/adminViewRaisedQueries"},"timestamp":"16-09-2025 11:37:00 AM"}
{"level":"info","message":{"method":"GET","responseTime":"43.159","status":"200","url":"/user/userGetQueryData/QUERY0199"},"timestamp":"16-09-2025 11:37:03 AM"}
{"level":"info","message":{"method":"GET","responseTime":"68.058","status":"304","url":"/user/userGetQueryData/QUERY0199"},"timestamp":"16-09-2025 11:37:19 AM"}
{"level":"info","message":{"method":"GET","responseTime":"391.719","status":"304","url":"/admin/adminViewRaisedQueries"},"timestamp":"16-09-2025 11:37:43 AM"}
{"level":"info","message":{"method":"GET","responseTime":"97.351","status":"304","url":"/user/userGetQueryData/QUERY0199"},"timestamp":"16-09-2025 11:37:47 AM"}
{"level":"info","message":{"method":"GET","responseTime":"113.660","status":"304","url":"/user/userGetQueryData/QUERY0199"},"timestamp":"16-09-2025 11:39:33 AM"}
{"level":"info","message":{"method":"GET","responseTime":"575.296","status":"304","url":"/admin/adminViewRaisedQueries"},"timestamp":"16-09-2025 11:39:35 AM"}
{"level":"info","message":{"method":"GET","responseTime":"574.560","status":"304","url":"/admin/adminViewRaisedQueries"},"timestamp":"16-09-2025 11:43:15 AM"}
{"level":"info","message":{"method":"GET","responseTime":"211.099","status":"304","url":"/user/userGetQueryData/QUERY0186"},"timestamp":"16-09-2025 11:43:16 AM"}
{"level":"info","message":{"method":"GET","responseTime":"312.918","status":"304","url":"/admin/adminViewRaisedQueries"},"timestamp":"16-09-2025 11:43:19 AM"}
{"level":"info","message":{"method":"GET","responseTime":"49.781","status":"304","url":"/user/userGetQueryData/QUERY0199"},"timestamp":"16-09-2025 11:43:22 AM"}
{"level":"info","message":{"method":"GET","responseTime":"63.613","status":"304","url":"/user/userGetQueryData/QUERY0199"},"timestamp":"16-09-2025 11:43:36 AM"}
{"level":"info","message":{"method":"GET","responseTime":"36.447","status":"304","url":"/user/userGetQueryData/QUERY0199"},"timestamp":"16-09-2025 11:44:31 AM"}
{"level":"info","message":{"method":"GET","responseTime":"84.465","status":"304","url":"/user/userGetQueryData/QUERY0199"},"timestamp":"16-09-2025 11:44:34 AM"}
{"level":"info","message":{"method":"GET","responseTime":"50.318","status":"304","url":"/user/userGetQueryData/QUERY0199"},"timestamp":"16-09-2025 11:45:43 AM"}
{"level":"info","message":{"method":"GET","responseTime":"39.337","status":"304","url":"/user/userGetQueryData/QUERY0199"},"timestamp":"16-09-2025 11:45:45 AM"}
{"level":"info","message":{"method":"GET","responseTime":"33.321","status":"304","url":"/user/userGetQueryData/QUERY0199"},"timestamp":"16-09-2025 11:45:58 AM"}
{"level":"info","message":{"method":"GET","responseTime":"68.045","status":"304","url":"/user/userGetQueryData/QUERY0199"},"timestamp":"16-09-2025 11:46:10 AM"}
{"level":"info","message":{"method":"GET","responseTime":"116.059","status":"304","url":"/user/userGetQueryData/QUERY0199"},"timestamp":"16-09-2025 11:46:11 AM"}
{"level":"info","message":{"method":"GET","responseTime":"65.966","status":"304","url":"/user/userGetQueryData/QUERY0199"},"timestamp":"16-09-2025 11:46:52 AM"}
{"level":"info","message":{"method":"GET","responseTime":"286.439","status":"304","url":"/admin/adminViewRaisedQueries"},"timestamp":"16-09-2025 11:47:37 AM"}
{"level":"info","message":{"method":"GET","responseTime":"114.913","status":"304","url":"/user/userGetQueryData/QUERY0199"},"timestamp":"16-09-2025 11:47:39 AM"}
{"level":"info","message":{"method":"GET","responseTime":"473.196","status":"304","url":"/admin/adminViewRaisedQueries"},"timestamp":"16-09-2025 11:47:42 AM"}
{"level":"info","message":{"method":"GET","responseTime":"88.907","status":"304","url":"/user/userGetQueryData/QUERY0197"},"timestamp":"16-09-2025 11:47:43 AM"}
{"level":"info","message":{"method":"GET","responseTime":"251.476","status":"304","url":"/admin/adminViewRaisedQueries"},"timestamp":"16-09-2025 11:48:17 AM"}
{"level":"info","message":{"method":"GET","responseTime":"42.985","status":"304","url":"/user/userGetQueryData/QUERY0184"},"timestamp":"16-09-2025 11:59:18 AM"}
{"level":"info","message":{"method":"GET","responseTime":"178.585","status":"304","url":"/admin/adminViewRaisedQueries"},"timestamp":"16-09-2025 11:59:20 AM"}
{"level":"info","message":{"method":"GET","responseTime":"242.852","status":"200","url":"/admin/adminViewUserList"},"timestamp":"16-09-2025 12:07:08 PM"}
{"level":"info","message":{"method":"GET","responseTime":"239.374","status":"304","url":"/admin/adminViewRaisedQueries"},"timestamp":"16-09-2025 12:07:12 PM"}
{"level":"info","message":{"method":"GET","responseTime":"49.598","status":"200","url":"/user/userGetQueryData/QUERY0185"},"timestamp":"16-09-2025 12:07:31 PM"}
{"level":"info","message":{"method":"GET","responseTime":"454.473","status":"304","url":"/admin/adminViewRaisedQueries"},"timestamp":"16-09-2025 12:08:00 PM"}
{"level":"info","message":{"method":"GET","responseTime":"128.531","status":"200","url":"/user/userGetQueryData/QUERY0181"},"timestamp":"16-09-2025 12:08:07 PM"}
{"level":"info","message":{"method":"GET","responseTime":"284.865","status":"304","url":"/admin/adminViewRaisedQueries"},"timestamp":"16-09-2025 12:09:08 PM"}
{"level":"info","message":{"method":"POST","responseTime":"2074.244","status":"201","url":"/user/userLogin"},"timestamp":"16-09-2025 12:53:02 PM"}
{"level":"info","message":{"method":"GET","responseTime":"677.814","status":"304","url":"/admin/adminViewRaisedQueries"},"timestamp":"16-09-2025 12:53:05 PM"}
{"level":"info","message":{"method":"GET","responseTime":"373.173","status":"304","url":"/user/userGetQueryData/QUERY0199"},"timestamp":"16-09-2025 12:53:19 PM"}
{"level":"info","message":{"method":"GET","responseTime":"148.218","status":"304","url":"/user/userGetQueryData/QUERY0199"},"timestamp":"16-09-2025 12:53:28 PM"}
{"level":"info","message":{"method":"GET","responseTime":"1320.401","status":"304","url":"/admin/adminViewRaisedQueries"},"timestamp":"16-09-2025 12:53:30 PM"}
{"level":"info","message":{"method":"GET","responseTime":"221.310","status":"304","url":"/user/userGetQueryData/QUERY0198"},"timestamp":"16-09-2025 12:53:41 PM"}
{"level":"info","message":{"method":"PUT","responseTime":"2977.239","status":"200","url":"/user/attachment/QUERY0198/deleteAttachment"},"timestamp":"16-09-2025 12:53:54 PM"}
{"level":"info","message":{"method":"GET","responseTime":"450.847","status":"304","url":"/user/userGetQueryData/QUERY0198"},"timestamp":"16-09-2025 12:53:54 PM"}
{"level":"info","message":{"method":"GET","responseTime":"3174.620","status":"304","url":"/admin/adminViewRaisedQueries"},"timestamp":"16-09-2025 12:53:59 PM"}
{"level":"info","message":{"method":"GET","responseTime":"315.409","status":"304","url":"/user/userGetQueryData/QUERY0197"},"timestamp":"16-09-2025 12:54:04 PM"}
{"level":"info","message":{"method":"GET","responseTime":"805.734","status":"304","url":"/user/userGetQueryData/QUERY0197"},"timestamp":"16-09-2025 01:31:02 PM"}
{"level":"info","message":{"method":"GET","responseTime":"289.094","status":"304","url":"/admin/adminViewRaisedQueries"},"timestamp":"16-09-2025 01:31:04 PM"}
{"level":"info","message":{"method":"GET","responseTime":"-","status":"-","url":"/admin/adminViewRaisedQueries"},"timestamp":"16-09-2025 02:13:31 PM"}
{"level":"info","message":{"method":"GET","responseTime":"810.303","status":"304","url":"/admin/adminViewRaisedQueries"},"timestamp":"16-09-2025 02:13:35 PM"}
{"level":"info","message":{"method":"POST","responseTime":"1075.649","status":"200","url":"/user/userRaiseQuery"},"timestamp":"16-09-2025 02:31:01 PM"}
{"level":"info","message":{"method":"GET","responseTime":"191.996","status":"200","url":"/user/userViewMyQueries"},"timestamp":"16-09-2025 02:31:01 PM"}
{"level":"info","message":{"method":"GET","responseTime":"330.507","status":"200","url":"/admin/adminViewRaisedQueries"},"timestamp":"16-09-2025 02:31:24 PM"}
{"level":"info","message":{"method":"GET","responseTime":"126.948","status":"200","url":"/user/userGetQueryData/QUERY0200"},"timestamp":"16-09-2025 02:31:27 PM"}
